<!-- Quest Data -->

<quests>
    <quest id = "1" name="Explore the map" description="Find the orc barracks" state="1" reward="0">
          <step type = "1"> 
                <reach_building id = "14"/>
          </step>
    </quest>

    <quest id = "2" name="Assassin 1" description="Destroy the arch range to get a TASTY reward." state="0" reward="1">
          <trigger type = "1"> 
                <reach_building id = "15"/>
          </trigger>
	  <step type = "0"> 
                <destroy_building id = "15"/>
          </step>
    </quest>
</quests>