<!-- Quest Data -->

<quests>
    <quest name="Assassin 1" description="Find the goblins and kill them!" state="0" reward="100">
	  <trigger type ="0">
     		<kill_enemies id = "11" num= "1"/>
	  </trigger>
          <step type = "0"> 
                <kill_enemies id = "11" num= "2"/>
          </step>
    </quest>

    <quest name="Assassin 2" description="Find the orcs and kill them!" state="0" reward="200">
	  <trigger type ="0">
     		<kill_enemies id = "12" num= "1"/>
	  </trigger>
          <step type = "0"> 
                <kill_enemies id = "12" num= "2"/>
          </step>
    </quest>

</quests>