<!-- Quest Data -->

<quests>
    <quest id = "1" reward="200">
	  <trigger type ="0">
     		<kill_enemies id = "11" num= "1"/>
	  </trigger>
          <step type = "0"> 
                <kill_enemies id = "11" num= "2"/>
          </step>
    </quest>

    <quest id = "2" reward="400">
	  <trigger type ="0">
     		<kill_enemies id = "12" num= "1"/>
	  </trigger>
          <step type = "0"> 
                <kill_enemies id = "12" num= "2"/>
          </step>
    </quest>

</quests>