<!-- Quest Data -->

<quests>
    <quest id = "1" name="Assassin 1" description="Find the goblins located in the red area of the map and kill them!" state="1" reward="200">
	  <trigger type ="0">
     		<kill_enemies id = "11" num= "1"/>
	  </trigger>
          <step type = "0"> 
                <kill_enemies id = "11" num= "2"/>
          </step>
    </quest>

    <quest id = "2" name="Assassin 2" description="Find the orcs located in the red area of the map and kill them!" state="0" reward="300">
	  <trigger type ="0">
     		<kill_enemies id = "12" num= "1"/>
	  </trigger>
          <step type = "0"> 
                <kill_enemies id = "12" num= "2"/>
          </step>
    </quest>

</quests>