<GameData>
	<Units>
	
<!-- FREE_MEN_UNITS -->
		<Unit>
      <Info>
        <Name value = "ELVEN_LONGBLADE"/>
        <ID value = "0"/>
        <BasePoint x="13" y="15"/>
        <SelectionRadius value="15"/>
      </Info>
			<Textures>
				<Idle value="textures/Units/ElvenLongblade/ElvenLongbladeIdle.png"/>
				<Move value="textures/Units/ElvenLongblade/ElvenLongbladeMove.png"/>
				<Attack value="textures/Units/ElvenLongblade/ElvenLongbladeAttack.png"/>
				<Die value="textures/Units/ElvenLongblade/ElvenLongbladeDie.png"/>
			</Textures>
			<Stats>
				<Faction value="0"/>
				<Life value="45"/>
				<Attack value="4"/>
				<AttackSpeed value="2.2"/>
				<Defense value="0"/>
				<PiercingDamage value="0"/>
				<MovementSpeed value="110.1"/>
				<LineOfSight value="3"/>
        <Range value="20"/>
				<FoodCost value="75"/>
				<GoldCost value="100"/>
				<BuildTime value=""/>
			</Stats>
			<Animations>
				<Idle>
					<Rows value="5"/>
					<Columns value="10"/>
					<Width value="43"/>
					<Height value="49"/>
					<Speed value="0.2f"/>
				</Idle>
				<Move>
					<Rows value="5"/>
					<Columns value="10"/>
					<Width value="51"/>
					<Height value="51"/>
					<Speed value="0.2f"/>
				</Move>
				<Attack>
					<Rows value="5"/>
					<Columns value="10"/>
					<Width value="67"/>
					<Height value="61"/>
					<Speed value="0.2f"/>
				</Attack>
				<Die>
					<Rows value="5"/>
					<Columns value="10"/>
					<Width value="70"/>
					<Height value="54"/>
					<Speed value="0.2f"/>
				</Die>
			</Animations>
		</Unit>
		
		<Unit>
      <Info>
        <Name value = "DWARVEN_MAULER"/>
        <ID value = "1"/>
        <BasePoint x="10" y="12"/>
        <SelectionRadius value="15"/>
      </Info>
      <Textures>
				<Idle value="textures/Units/DwarvenMauler/DwarvenMaulerIdle.png"/>
				<Move value="textures/Units/DwarvenMauler/DwarvenMaulerMove.png"/>
				<Attack value="textures/Units/DwarvenMauler/DwarvenMaulerAttack.png"/>
				<Die value="textures/Units/DwarvenMauler/DwarvenMaulerDie.png"/>
			</Textures>
			<Stats>
				<Faction value="0"/>
				<Life value="60"/>
				<Attack value="8"/>
				<AttackSpeed value="1.9"/>
				<Defense value="2"/>
				<PiercingDamage value="2"/>
				<MovementSpeed value="110.9"/>
				<LineOfSight value="3"/>
        <Range value="30"/>
				<FoodCost value="75"/>
				<GoldCost value="75"/>
				<BuildTime value=""/>
			</Stats>
			<Animations>
				<Idle>
					<Rows value="5"/>
					<Columns value="15"/>
					<Width value="61"/>
					<Height value="40"/>
					<Speed value="0.2f"/>
				</Idle>
				<Move>
					<Rows value="5"/>
					<Columns value="10"/>
					<Width value="63"/>
					<Height value="44"/>
					<Speed value="0.2f"/>
				</Move>
				<Attack>
					<Rows value="5"/>
					<Columns value="15"/>
					<Width value="74"/>
					<Height value="65"/>
					<Speed value="0.2f"/>
				</Attack>
				<Die>
					<Rows value="5"/>
					<Columns value="10"/>
					<Width value="77"/>
					<Height value="60"/>
					<Speed value="0.2f"/>
				</Die>
			</Animations>
		</Unit>
		
		<Unit>
      <Info>
        <Name value = "GONDOR_SPEARMAN"/>
        <ID value = "2"/>
        <BasePoint x="" y=""/>
        <SelectionRadius value=""/>
      </Info>
			<Textures>
				<Idle value="textures/Units/ElvenLongblade/ElvenLongbladeIdle.png"/>
				<Move value="textures/Units/ElvenLongblade/ElvenLongbladeMove.png"/>
				<Attack value="textures/Units/ElvenLongblade/ElvenLongbladeAttack.png"/>
				<Die value="textures/Units/ElvenLongblade/ElvenLongbladeDie.png"/>
			</Textures>
			<Stats>
				<Faction value="0"/>
				<Life value="50"/>
				<Attack value="4"/>
				<AttackSpeed value="2"/>
				<Defense value="1"/>
				<PiercingDamage value="0"/>
				<MovementSpeed value="110"/>
				<LineOfSight value="4"/>
        <Range value="35"/>
				<FoodCost value="125"/>
				<GoldCost value="50"/>
				<BuildTime value=""/>
			</Stats>
			<Animations>
				<Idle>
					<Rows value="5"/>
					<Columns value="10"/>
					<Width value="43"/>
					<Height value="49"/>
					<Speed value="0.2f"/>
				</Idle>
				<Move>
					<Rows value="5"/>
					<Columns value="10"/>
					<Width value="51"/>
					<Height value="51"/>
					<Speed value="0.2f"/>
				</Move>
				<Attack>
					<Rows value="5"/>
					<Columns value="10"/>
					<Width value="67"/>
					<Height value="61"/>
					<Speed value="0.2f"/>
				</Attack>
				<Die>
					<Rows value="5"/>
					<Columns value="10"/>
					<Width value="70"/>
					<Height value="54"/>
					<Speed value="0.2f"/>
				</Die>
			</Animations>
		</Unit>
		
		<Unit>
      <Info>
        <Name value = "ELVEN_ARCHER"/>
        <ID value = "3"/>
        <BasePoint x="10" y="15"/>
        <SelectionRadius value="15"/>
      </Info>
			<Textures>
				<Idle value="textures/Units/ElvenArcher/ElvenArcherIdle.png"/>
				<Move value="textures/Units/ElvenArcher/ElvenArcherMove.png"/>
				<Attack value="textures/Units/ElvenArcher/ElvenArcherAttack.png"/>
				<Die value="textures/Units/ElvenArcher/ElvenArcherDie.png"/>
			</Textures>
			<Stats>
				<Faction value="0"/>
				<Life value="35"/>
				<Attack value="5"/>
				<AttackSpeed value="2.2"/>
				<Defense value="0"/>
				<PiercingDamage value="1"/>
				<MovementSpeed value="110.1"/>
				<LineOfSight value="7"/>
        <Range value="150"/>
				<FoodCost value="175"/>
				<GoldCost value=""/>
				<BuildTime value=""/>
			</Stats>
			<Animations>
				<Idle>
					<Rows value="5"/>
					<Columns value="10"/>
					<Width value="56"/>
					<Height value="49"/>
					<Speed value="0.2f"/>
				</Idle>
				<Move>
					<Rows value="5"/>
					<Columns value="10"/>
					<Width value="60"/>
					<Height value="52"/>
					<Speed value="0.2f"/>
				</Move>
				<Attack>
					<Rows value="5"/>
					<Columns value="10"/>
					<Width value="63"/>
					<Height value="63"/>
					<Speed value="0.2f"/>
				</Attack>
				<Die>
					<Rows value="5"/>
					<Columns value="10"/>
					<Width value="78"/>
					<Height value="58"/>
					<Speed value="0.2f"/>
				</Die>
			</Animations>
		</Unit>
		
		<Unit>
      <Info>
        <Name value = "DUNEDAIN_RANGE"/>
        <ID value = "4"/>
        <BasePoint x="10" y="15"/>
        <SelectionRadius value="15"/>
      </Info>
			<Textures>
				<Idle value="textures/Units/DunedainRanger/DunedainRangerIdle.png"/>
				<Move value="textures/Units/DunedainRanger/DunedainRangerMove.png"/>
				<Attack value="textures/Units/DunedainRanger/DunedainRangerAttack.png"/>
				<Die value="textures/Units/DunedainRanger/DunedainRangerDie.png"/>
			</Textures>
			<Stats>
				<Faction value="0"/>
				<Life value="50"/>
				<Attack value="4"/>
				<AttackSpeed value="2"/>
				<Defense value="1"/>
				<PiercingDamage value="0"/>
				<MovementSpeed value="110"/>
				<LineOfSight value="6"/>
        <Range value="30"/>
				<FoodCost value="50"/>
				<GoldCost value="100"/>
				<BuildTime value=""/>
			</Stats>
			<Animations>
				<Idle>
					<Rows value="5"/>
					<Columns value="9"/>
					<Width value="59"/>
					<Height value="55"/>
					<Speed value="0.2f"/>
				</Idle>
				<Move>
					<Rows value="5"/>
					<Columns value="10"/>
					<Width value="61"/>
					<Height value="58"/>
					<Speed value="0.2f"/>
				</Move>
				<Attack>
					<Rows value="5"/>
					<Columns value="12"/>
					<Width value="66"/>
					<Height value="80"/>
					<Speed value="0.2f"/>
				</Attack>
				<Die>
					<Rows value="5"/>
					<Columns value="10"/>
					<Width value="93"/>
					<Height value="79"/>
					<Speed value="0.2f"/>
				</Die>
			</Animations>
		</Unit>
		
		<Unit>
      <Info>
        <Name value = "ELVEN_CAVALRYE"/>
        <ID value = "5"/>
        <BasePoint x="15" y="25"/>
        <SelectionRadius value="20"/>
      </Info>
			<Textures>
				<Idle value="textures/Units/ElvenCavalery/elvenCavaleryIdle.png"/>
				<Move value="textures/Units/ElvenCavalery/elvenCavaleryMove.png"/>
				<Attack value="textures/Units/ElvenCavalery/elvenCavaleryAttack.png"/>
				<Die value="textures/Units/ElvenCavalery/elvenCavaleryDie.png"/>
			</Textures>
			<Stats>
				<Faction value="0"/>
				<Life value="90"/>
				<Attack value="20"/>
				<AttackSpeed value="2.1"/>
				<Defense value="1"/>
				<PiercingDamage value="0"/>
				<MovementSpeed value="130.5"/>
				<LineOfSight value="6"/>
        <Range value="165"/>
				<FoodCost value="120"/>
				<GoldCost value="50"/>
				<BuildTime value=""/>
			</Stats>
			<Animations>
				<Idle>
					<Rows value="5"/>
					<Columns value="10"/>
					<Width value="98"/>
					<Height value="94"/>
					<Speed value="0.15f"/>
				</Idle>
				<Move>
					<Rows value="5"/>
					<Columns value="10"/>
					<Width value="85"/>
					<Height value="92"/>
					<Speed value="0.2f"/>
				</Move>
				<Attack>
					<Rows value="5"/>
					<Columns value="13"/>
					<Width value="86"/>
					<Height value="99"/>
					<Speed value="0.2f"/>
				</Attack>
				<Die>
					<Rows value="5"/>
					<Columns value="10"/>
					<Width value="112"/>
					<Height value="98"/>
					<Speed value="0.2f"/>
				</Die>
			</Animations>
		</Unit>
		
		<Unit>
      <Info>
        <Name value = "GONDOR_KNIGHT"/>
        <ID value = "6"/>
        <BasePoint x="15" y="25"/>
        <SelectionRadius value="20"/>
      </Info>
			<Textures>
				<Idle value="textures/Units/GondorKnight/GondorKnightIdle.png"/>
				<Move value="textures/Units/GondorKnight/GondorKnightMove.png"/>
				<Attack value="textures/Units/GondorKnight/GondorKnightAttack.png"/>
				<Die value="textures/Units/GondorKnight/GondorKnightDie.png"/>
			</Textures>
			<Stats>
				<Faction value="0"/>
				<Life value="100"/>
				<Attack value="5"/>
				<AttackSpeed value="2"/>
				<Defense value="1"/>
				<PiercingDamage value="0"/>
				<MovementSpeed value="110.5"/>
				<LineOfSight value="5"/>
        <Range value="35"/>
				<FoodCost value="100"/>
				<GoldCost value="75"/>
				<BuildTime value=""/>
			</Stats>
			<Animations>
				<Idle>
					<Rows value="5"/>
					<Columns value="10"/>
					<Width value="77"/>
					<Height value="90"/>
					<Speed value="0.2f"/>
				</Idle>
				<Move>
					<Rows value="5"/>
					<Columns value="10"/>
					<Width value="77"/>
					<Height value="91"/>
					<Speed value="0.2f"/>
				</Move>
				<Attack>
					<Rows value="5"/>
					<Columns value="10"/>
					<Width value="91"/>
					<Height value="98"/>
					<Speed value="0.2f"/>
				</Attack>
				<Die>
					<Rows value="10"/>
					<Columns value="5"/>
					<Width value="232"/>
					<Height value="127"/>
					<Speed value="0.2f"/>
				</Die>
			</Animations>
		</Unit>
		
		<Unit>
      <Info>
        <Name value = "ROHAN_KNIGHT"/>
        <ID value = "7"/>
        <BasePoint x="15" y="35"/>
        <SelectionRadius value="20"/>
      </Info>
			<Textures>
				<Idle value="textures/Units/RohanKnight/RohanKnightIdle.png"/>
				<Move value="textures/Units/RohanKnight/RohanKnightMove.png"/>
				<Attack value="textures/Units/RohanKnight/RohanKnightAttack.png"/>
				<Die value="textures/Units/RohanKnight/RohanKnightDie.png"/>
			</Textures>
			<Stats>
				<Faction value="0"/>
				<Life value="150"/>
				<Attack value="7"/>
				<AttackSpeed value="1.9"/>
				<Defense value="2"/>
				<PiercingDamage value="2"/>
				<MovementSpeed value="110.3"/>
				<LineOfSight value="3"/>
        <Range value="35"/>
				<FoodCost value="120"/>
				<GoldCost value="50"/>
				<BuildTime value=""/>
			</Stats>
			<Animations>
				<Idle>
					<Rows value="5"/>
					<Columns value="10"/>
					<Width value="108"/>
					<Height value="143"/>
					<Speed value="0.2f"/>
				</Idle>
				<Move>
					<Rows value="5"/>
					<Columns value="9"/>
					<Width value="87"/>
					<Height value="141"/>
					<Speed value="0.2f"/>
				</Move>
				<Attack>
					<Rows value="5"/>
					<Columns value="10"/>
					<Width value="137"/>
					<Height value="122"/>
					<Speed value="0.2f"/>
				</Attack>
				<Die>
					<Rows value="5"/>
					<Columns value="15"/>
					<Width value="172"/>
					<Height value="166"/>
					<Speed value="0.2f"/>
				</Die>
			</Animations>
		</Unit>
		
		<Unit>
      <Info>
        <Name value = "MOUNTED_DUNEDAIN"/>
        <ID value = "4"/>
        <BasePoint x="15" y="30"/>
        <SelectionRadius value="20"/>
      </Info>
			<Textures>
				<Idle value="textures/Units/MountedDunedain/MountedDunedainIdle.png"/>
				<Move value="textures/Units/MountedDunedain/MountedDunedainMove.png"/>
				<Attack value="textures/Units/MountedDunedain/MountedDunedainAttack.png"/>
				<Die value="textures/Units/MountedDunedain/MountedDunedainDie.png"/>
			</Textures>
			<Stats>
				<Faction value="0"/>
				<Life value="120"/>
				<Attack value="6"/>
				<AttackSpeed value="2"/>
				<Defense value="0"/>
				<PiercingDamage value="3"/>
				<MovementSpeed value="110.4"/>
				<LineOfSight value="4"/>
        <Range value="35"/>
				<FoodCost value="160"/>
				<GoldCost value="50"/>
				<BuildTime value=""/>
			</Stats>
			<Animations>
				<Idle>
					<Rows value="5"/>
					<Columns value="10"/>
					<Width value="81"/>
					<Height value="163"/>
					<Speed value="0.2f"/>
				</Idle>
				<Move>
					<Rows value="5"/>
					<Columns value="10"/>
					<Width value="87"/>
					<Height value="93"/>
					<Speed value="0.2f"/>
				</Move>
				<Attack>
					<Rows value="5"/>
					<Columns value="10"/>
					<Width value="79"/>
					<Height value="97"/>
					<Speed value="0.2f"/>
				</Attack>
				<Die>
					<Rows value="5"/>
					<Columns value="10"/>
					<Width value="114"/>
					<Height value="89"/>
					<Speed value="0.2f"/>
				</Die>
			</Animations>
		</Unit>
		
		<Unit>
      <Info>
        <Name value = "SIEGE_TOWER"/>
        <ID value = "9"/>
        <BasePoint x="" y=""/>
        <SelectionRadius value=""/>
      </Info>
			<Textures>
				<Idle value="textures/Units/"/>
				<Move value="textures/Units/"/>
				<Attack value="textures/Units/"/>
				<Die value="textures/Units/"/>
			</Textures>
			<Stats>
				<Faction value="0"/>
				<Life value="300"/>
				<Attack value="0"/>
				<AttackSpeed value="0"/>
				<Defense value="3"/>
				<PiercingDamage value="0"/>
				<MovementSpeed value="100.7"/>
				<LineOfSight value="3"/>
        <Range value="35"/>
				<FoodCost value=""/>
				<GoldCost value=""/>
				<BuildTime value=""/>
			</Stats>
			<Animations>
				<Idle>
					<Rows value=""/>
					<Columns value=""/>
					<Width value=""/>
					<Height value=""/>
					<Speed value="0.2f"/>
				</Idle>
				<Move>
					<Rows value=""/>
					<Columns value=""/>
					<Width value=""/>
					<Height value=""/>
					<Speed value="0.2f"/>
				</Move>
				<Attack>
					<Rows value=""/>
					<Columns value=""/>
					<Width value=""/>
					<Height value=""/>
					<Speed value="0.2f"/>
				</Attack>
				<Die>
					<Rows value=""/>
					<Columns value=""/>
					<Width value=""/>
					<Height value=""/>
					<Speed value="0.2f"/>
				</Die>
			</Animations>
		</Unit>
		
		<Unit>
      <Info>
        <Name value = "LIGHT_CATAPULT"/>
        <ID value = "10"/>
        <BasePoint x="" y=""/>
        <SelectionRadius value=""/>
      </Info>
			<Textures>
				<Idle value="textures/Units/"/>
				<Move value="textures/Units/"/>
				<Attack value="textures/Units/"/>
				<Die value="textures/Units/"/>
			</Textures>
			<Stats>
				<Faction value="0"/>
				<Life value="150"/>
				<Attack value="6"/>
				<AttackSpeed value="1.8"/>
				<Defense value="1"/>
				<PiercingDamage value="3"/>
				<MovementSpeed value="100.8"/>
				<LineOfSight value="6"/>
        <Range value="35"/>
				<FoodCost value=""/>
				<GoldCost value=""/>
				<BuildTime value=""/>
			</Stats>
			<Animations>
				<Idle>
					<Rows value=""/>
					<Columns value=""/>
					<Width value=""/>
					<Height value=""/>
					<Speed value="0.2f"/>
				</Idle>
				<Move>
					<Rows value=""/>
					<Columns value=""/>
					<Width value=""/>
					<Height value=""/>
					<Speed value="0.2f"/>
				</Move>
				<Attack>
					<Rows value=""/>
					<Columns value=""/>
					<Width value=""/>
					<Height value=""/>
					<Speed value="0.2f"/>
				</Attack>
				<Die>
					<Rows value=""/>
					<Columns value=""/>
					<Width value=""/>
					<Height value=""/>
					<Speed value="0.2f"/>
				</Die>
			</Animations>
		</Unit>
		
<!-- SAURON_ARMY_UNITS -->
		<Unit>
      <Info>
        <Name value = "GOBLIN_SOLDIER"/>
        <ID value = "11"/>
        <BasePoint x="10" y="17"/>
        <SelectionRadius value="15"/>
      </Info>
			<Textures>
				<Idle value="textures/Units/GoblinSoldier/GoblinSoldierIdle.png"/>
				<Move value="textures/Units/GoblinSoldier/GoblinSoldierMove.png"/>
				<Attack value="textures/Units/GoblinSoldier/GoblinSoldierAttack.png"/>
				<Die value="textures/Units/GoblinSoldier/GoblinSoldierDie.png"/>
			</Textures>
			<Stats>
				<Faction value="2"/>
				<Life value="35"/>
				<Attack value="3"/>
				<AttackSpeed value="2.1"/>
				<Defense value="0"/>
				<PiercingDamage value="0"/>
				<MovementSpeed value="85.1"/>
				<LineOfSight value="3"/>
        <Range value="25"/>
        <RangeOffset value="50"/>
				<FoodCost value="50"/>
				<GoldCost value=""/>
				<BuildTime value=""/>
			</Stats>
			<Animations>
				<Idle>
					<Rows value="5"/>
					<Columns value="10"/>
					<Width value="49"/>
					<Height value="49"/>
					<Speed value="0.2f"/>
				</Idle>
				<Move>
					<Rows value="5"/>
					<Columns value="15"/>
					<Width value="55"/>
					<Height value="60"/>
					<Speed value="0.2f"/>
				</Move>
				<Attack>
					<Rows value="5"/>
					<Columns value="15"/>
					<Width value="77"/>
					<Height value="80"/>
					<Speed value="0.2f"/>
				</Attack>
				<Die>
					<Rows value="5"/>
					<Columns value="10"/>
					<Width value="55"/>
					<Height value="52"/>
					<Speed value="0.2f"/>
				</Die>
			</Animations>
		</Unit>
		
		<Unit>
      <Info>
        <Name value = "ORC_SOLDIER"/>
        <ID value = "12"/>
        <BasePoint x="10" y="10"/>
        <SelectionRadius value="15"/>
      </Info>
			<Textures>
				<Idle value="textures/Units/OrcSoldier/OrcSoldierIdle.png"/>
				<Move value="textures/Units/OrcSoldier/OrcSoldierMove.png"/>
				<Attack value="textures/Units/OrcSoldier/OrcSoldierAttack.png"/>
				<Die value="textures/Units/OrcSoldier/OrcSoldierDie.png"/>
			</Textures>
			<Stats>
				<Faction value="2"/>
				<Life value="50"/>
				<Attack value="6"/>
				<AttackSpeed value="2"/>
				<Defense value="0"/>
				<PiercingDamage value="0"/>
				<MovementSpeed value="85"/>
				<LineOfSight value="3"/>
        <Range value="25"/>
        <RangeOffset value="70"/>
				<FoodCost value=""/>
				<GoldCost value=""/>
				<BuildTime value=""/>
			</Stats>
			<Animations>
				<Idle>
					<Rows value="5"/>
					<Columns value="10"/>
					<Width value="49"/>
					<Height value="77"/>
					<Speed value="0.2f"/>
				</Idle>
				<Move>
					<Rows value="5"/>
					<Columns value="15"/>
					<Width value="49"/>
					<Height value="63"/>
					<Speed value="0.2f"/>
				</Move>
				<Attack>
					<Rows value="5"/>
					<Columns value="15"/>
					<Width value="75"/>
					<Height value="79"/>
					<Speed value="0.25f"/>
				</Attack>
				<Die>
					<Rows value="5"/>
					<Columns value="15"/>
					<Width value="76"/>
					<Height value="69"/>
					<Speed value="0.2f"/>
				</Die>
			</Animations>
		</Unit>
		
		<Unit>
      <Info>
        <Name value = "URUK_HAI_SOLDIER"/>
        <ID value = "13"/>
        <BasePoint x="10" y="15"/>
        <SelectionRadius value="15"/>
      </Info>
			<Textures>
				<Idle value="textures/Units/Uruk-haiSoldier/Uruk-haiSoldierIdle.png"/>
				<Move value="textures/Units/Uruk-haiSoldier/Uruk-haiSoldierMove.png"/>
				<Attack value="textures/Units/Uruk-haiSoldier/Uruk-haiSoldierAttack.png"/>
				<Die value="textures/Units/Uruk-haiSoldier/Uruk-haiSoldierDie.png"/>
			</Textures>
			<Stats>
				<Faction value="2"/>
				<Life value="75"/>
				<Attack value="7"/>
				<AttackSpeed value="2"/>
				<Defense value="1"/>
				<PiercingDamage value="2"/>
				<MovementSpeed value="85"/>
				<LineOfSight value="4"/>
        <Range value="20"/>
        <RangeOffset value="50"/>
				<FoodCost value=""/>
				<GoldCost value=""/>
				<BuildTime value=""/>
			</Stats>
			<Animations>
				<Idle>
					<Rows value="5"/>
					<Columns value="15"/>
					<Width value="46"/>
					<Height value="54"/>
					<Speed value="0.2f"/>
				</Idle>
				<Move>
					<Rows value="5"/>
					<Columns value="10"/>
					<Width value="50"/>
					<Height value="52"/>
					<Speed value="0.2f"/>
				</Move>
				<Attack>
					<Rows value="5"/>
					<Columns value="15"/>
					<Width value="69"/>
					<Height value="61"/>
					<Speed value="0.2f"/>
				</Attack>
				<Die>
					<Rows value="5"/>
					<Columns value="15"/>
					<Width value="74"/>
					<Height value="54"/>
					<Speed value="0.2f"/>
				</Die>
			</Animations>
		</Unit>
		
		<Unit>
      <Info>
        <Name value = "ORC_ARCHER"/>
        <ID value = "14"/>
        <BasePoint x="10" y="15"/>
        <SelectionRadius value="15"/>
      </Info>
			<Textures>
				<Idle value="textures/Units/OrcArcher/OrcArcherIdle.png"/>
				<Move value="textures/Units/OrcArcher/OrcArcherMove.png"/>
				<Attack value="textures/Units/OrcArcher/OrcArcherAttack.png"/>
				<Die value="textures/Units/OrcArcher/OrcArcherDie.png"/>
			</Textures>
			<Stats>
				<Faction value="2"/>
				<Life value="40"/>
				<Attack value="4"/>
				<AttackSpeed value="2"/>
				<Defense value="0"/>
				<PiercingDamage value="0"/>
				<MovementSpeed value="85.1"/>
				<LineOfSight value="6"/>
        <Range value="155"/>
        <RangeOffset value="150"/>
				<FoodCost value=""/>
				<GoldCost value=""/>
				<BuildTime value=""/>
			</Stats>
			<Animations>
				<Idle>
					<Rows value="5"/>
					<Columns value="10"/>
					<Width value="53"/>
					<Height value="54"/>
					<Speed value="0.2f"/>
				</Idle>
				<Move>
					<Rows value="5"/>
					<Columns value="15"/>
					<Width value="41"/>
					<Height value="55"/>
					<Speed value="0.2f"/>
				</Move>
				<Attack>
					<Rows value="5"/>
					<Columns value="15"/>
					<Width value="56"/>
					<Height value="60"/>
					<Speed value="0.2f"/>
				</Attack>
				<Die>
					<Rows value="5"/>
					<Columns value="10"/>
					<Width value="53"/>
					<Height value="57"/>
					<Speed value="0.2f"/>
				</Die>
			</Animations>
		</Unit>
		
		<Unit>
      <Info>
        <Name value = "VENOMOUS_SPIDER"/>
        <ID value = "15"/>
        <BasePoint x="15" y="5"/>
        <SelectionRadius value="30"/>
      </Info>
			<Textures>
				<Idle value="textures/Units/VenomousSpider/VenomousSpiderIdle.png"/>
				<Move value="textures/Units/VenomousSpider/VenomousSpiderMove.png"/>
				<Attack value="textures/Units/VenomousSpider/VenomousSpiderAttack.png"/>
				<Die value="textures/Units/VenomousSpider/VenomousSpiderDie.png"/>
			</Textures>
			<Stats>
				<Faction value="2"/>
				<Life value="80"/>
				<Attack value="4"/>
				<AttackSpeed value="2.1"/>
				<Defense value="0"/>
				<PiercingDamage value="1"/>
				<MovementSpeed value="85.3"/>
				<LineOfSight value="3"/>
        <Range value="45"/>
        <RangeOffset value="50"/>
				<FoodCost value=""/>
				<GoldCost value=""/>
				<BuildTime value=""/>
			</Stats>
			<Animations>
				<Idle>
					<Rows value="5"/>
					<Columns value="12"/>
					<Width value="91"/>
					<Height value="75"/>
					<Speed value="0.2f"/>
				</Idle>
				<Move>
					<Rows value="5"/>
					<Columns value="12"/>
					<Width value="107"/>
					<Height value="90"/>
					<Speed value="0.2f"/>
				</Move>
				<Attack>
					<Rows value="5"/>
					<Columns value="10"/>
					<Width value="94"/>
					<Height value="109"/>
					<Speed value="0.2f"/>
				</Attack>
				<Die>
					<Rows value="5"/>
					<Columns value="11"/>
					<Width value="91"/>
					<Height value="95"/>
					<Speed value="0.2f"/>
				</Die>
			</Animations>
		</Unit>
		
		<Unit>
      <Info>
        <Name value = "HARADRIM_OLIFANT"/>
        <ID value = "16"/>
        <BasePoint x="50" y="70"/>
        <SelectionRadius value="80"/>
      </Info>
			<Textures>
				<Idle value="textures/Units/HaradrimOlifant/HaradrimOlifantIdle.png"/>
				<Move value="textures/Units/HaradrimOlifant/HaradrimOlifantMove.png"/>
				<Attack value="textures/Units/HaradrimOlifant/HaradrimOlifantAttack.png"/>
				<Die value="textures/Units/HaradrimOlifant/HaradrimOlifantDie.png"/>
			</Textures>
			<Stats>
				<Faction value="2"/>
				<Life value="250"/>
				<Attack value="8"/>
				<AttackSpeed value="1.9"/>
				<Defense value="2"/>
				<PiercingDamage value="3"/>
				<MovementSpeed value="90.2"/>
				<LineOfSight value="3"/>
        <Range value="160"/>
        <RangeOffset value="150"/>
				<FoodCost value=""/>
				<GoldCost value=""/>
				<BuildTime value=""/>
			</Stats>
			<Animations>
				<Idle>
					<Rows value="5"/>
					<Columns value="10"/>
					<Width value="327"/>
					<Height value="396"/>
					<Speed value="0.2f"/>
				</Idle>
				<Move>
					<Rows value="5"/>
					<Columns value="8"/>
					<Width value="334"/>
					<Height value="403"/>
					<Speed value="0.2f"/>
				</Move>
				<Attack>
					<Rows value="5"/>
					<Columns value="10"/>
					<Width value="329"/>
					<Height value="414"/>
					<Speed value="0.2f"/>
				</Attack>
				<Die>
					<Rows value="5"/>
					<Columns value="15"/>
					<Width value="562"/>
					<Height value="507"/>
					<Speed value="0.2f"/>
				</Die>
			</Animations>
		</Unit>
		
		<Unit>
      <Info>
        <Name value = "NAZGUL"/>
        <ID value = "17"/>
        <BasePoint x="15" y="20"/>
        <SelectionRadius value="20"/>
      </Info>
			<Textures>
				<Idle value="textures/Units/Nazgul/NazgulIdle.png"/>
				<Move value="textures/Units/Nazgul/NazgulMove.png"/>
				<Attack value="textures/Units/Nazgul/NazgulAttack.png"/>
				<Die value="textures/Units/Nazgul/NazgulDie.png"/>
			</Textures>
			<Stats>
				<Faction value="2"/>
				<Life value="120"/>
				<Attack value="6"/>
				<AttackSpeed value="2.1"/>
				<Defense value="1"/>
				<PiercingDamage value="2"/>
				<MovementSpeed value="90.5"/>
				<LineOfSight value="4"/>
        <Range value="40"/>
        <RangeOffset value="50"/>
				<FoodCost value=""/>
				<GoldCost value=""/>
				<BuildTime value=""/>
			</Stats>
			<Animations>
				<Idle>
					<Rows value="5"/>
					<Columns value="15"/>
					<Width value="85"/>
					<Height value="99"/>
					<Speed value="0.2f"/>
				</Idle>
				<Move>
					<Rows value="5"/>
					<Columns value="10"/>
					<Width value="82"/>
					<Height value="98"/>
					<Speed value="0.2f"/>
				</Move>
				<Attack>
					<Rows value="5"/>
					<Columns value="10"/>
					<Width value="85"/>
					<Height value="99"/>
					<Speed value="0.2f"/>
				</Attack>
				<Die>
					<Rows value="5"/>
					<Columns value="15"/>
					<Width value="123"/>
					<Height value="119"/>
					<Speed value="0.2f"/>
				</Die>
			</Animations>
		</Unit>
		
		<Unit>
      <Info>
        <Name value = "TROLL_MAULER"/>
        <ID value = "18"/>
        <BasePoint x="30" y="35"/>
        <SelectionRadius value="40"/>
      </Info>
			<Textures>
				<Idle value="textures/Units/troll/trollIdle.png"/>
				<Move value="textures/Units/troll/trollMove.png"/>
				<Attack value="textures/Units/troll/trollAttack.png"/>
				<Die value="textures/Units/troll/trollDie.png"/>
			</Textures>
			<Stats>
				<Faction value="2"/>
				<Life value="250"/>
				<Attack value="10"/>
				<AttackSpeed value="1.5"/>
				<Defense value="0"/>
				<PiercingDamage value="2"/>
				<MovementSpeed value="85.7"/>
				<LineOfSight value="3"/>
        <Range value="70"/>
        <RangeOffset value="100"/>
				<FoodCost value=""/>
				<GoldCost value=""/>
				<BuildTime value=""/>
			</Stats>
			<Animations>
				<Idle>
					<Rows value="5"/>
					<Columns value="10"/>
					<Width value="139"/>
					<Height value="115"/>
					<Speed value="0.2f"/>
				</Idle>
				<Move>
					<Rows value="5"/>
					<Columns value="10"/>
					<Width value="127"/>
					<Height value="138"/>
					<Speed value="0.2f"/>
				</Move>
				<Attack>
					<Rows value="5"/>
					<Columns value="15"/>
					<Width value="187"/>
					<Height value="162"/>
					<Speed value="0.2f"/>
				</Attack>
				<Die>
					<Rows value="5"/>
					<Columns value="15"/>
					<Width value="162"/>
					<Height value="140"/>
					<Speed value="0.2f"/>
				</Die>
			</Animations>
		</Unit>
  
    <Unit>
      <Info>
        <Name value = "VILLAGER"/>
        <ID value = "19"/>
        <BasePoint x="10" y="20"/>
        <SelectionRadius value="15"/>
      </Info>
			<Textures>	
        <Idle value="textures/Units/Elf villager/ElfVillagerIdle.png"/>
        <Move value="textures/Units/Elf villager/ElfVillagerMove.png"/>
        <Attack value="textures/Units/Elf villager/ElfVillagerAttack.png"/>
        <Cut value="textures/Units/Elf villager/ElfVillagerChopping.png"/>
        <Minning value="textures/Units/Human"/>
        <Collecting_animals value="textures/Units/Human"/>
        <Collecting_plant value="textures/Units/Human"/>
        <Die value="textures/Units/Elf villager/ElfVillagerDie.png"/>
			</Textures>
			<Stats>
				<Faction value="2"/>
        <Life value="25"/>
        <Attack value="3"/>
        <AttackSpeed value="1.5"/>
        <Defense value="0"/>
        <PiercingDamage value="0"/>
        <MovementSpeed value="100.7"/>
        <LineOfSight value="3"/>
        <Range value="30"/>
        <RangeOffset value="50"/>
        <FoodCost value=""/>
     	<GoldCost value=""/>
        <BuildTime value=""/>
	<GatheringSpeed value="30"/>
	<MaxCapacity value="50"/>
	<Cost>
		<foodCost value="50"/>
	</Cost>
			</Stats>
			<Animations>
        <Idle>
          <Rows value="5"/>
          <Columns value="15"/>
          <Width value="22"/>
          <Height value="42"/>
          <Speed value="0.2f"/>
        </Idle>
        <Move>
          <Rows value="5"/>
          <Columns value="15"/>
          <Width value="28"/>
          <Height value="45"/>
          <Speed value="0.2f"/>
        </Move>
        <Attack>
          <Rows value="5"/>
          <Columns value="15"/>
          <Width value="54"/>
          <Height value="51"/>
          <Speed value="0.2f"/>
        </Attack>
        <Chop>
          <Rows value="5"/>
          <Columns value="15"/>
          <Width value="74"/>
          <Height value="76"/>
          <Speed value="0.2f"/>
        </Chop>
        <Die>
          <Rows value="5"/>
          <Columns value="15"/>
          <Width value="77"/>
          <Height value="68"/>
          <Speed value="0.4f"/>
        </Die>
			</Animations>
    </Unit>

    <Unit>
      <Info>
        <Name value = "ELF_VILLAGER"/>
        <ID value = "20"/>
        <BasePoint x="10" y="18"/>
        <SelectionRadius value="15"/>
      </Info>
      <Textures>
        <Idle value="textures/Units/Elf villager/ElfVillagerIdle.png"/>
        <Move value="textures/Units/Elf villager/ElfVillagerMove.png"/>
        <Attack value="textures/Units/Elf villager/ElfVillagerAttack.png"/>
        <Cut value="textures/Units/Elf villager/ElfVillagerChopping.png"/>
        <Minning value="textures/Units/Human"/>
        <Collecting_animals value="textures/Units/Human"/>
        <Collecting_plant value="textures/Units/Human"/>
        <Die value="textures/Units/Elf villager/ElfVillagerDie.png"/>
      </Textures>
      <Stats>
        <Faction value="0"/>
        <Life value="25"/>
        <Attack value="3"/>
        <AttackSpeed value="1.5"/>
        <Defense value="0"/>
        <PiercingDamage value="0"/>
        <MovementSpeed value="100.7"/>
        <LineOfSight value="3"/>
        <Range value="30"/>
        <RangeOffset value="50"/>
        <FoodCost value="200"/>
        <GoldCost value=""/>
        <BuildTime value=""/>
	<GatheringSpeed value="30"/>
	<MaxCapacity value="50"/>
<Cost>
		<woodCost value="100"/>
	</Cost>
      </Stats>
      <Animations>
        <Idle>
          <Rows value="5"/>
          <Columns value="15"/>
          <Width value="22"/>
          <Height value="42"/>
          <Speed value="0.2f"/>
        </Idle>
        <Move>
          <Rows value="5"/>
          <Columns value="15"/>
          <Width value="28"/>
          <Height value="45"/>
          <Speed value="0.2f"/>
        </Move>
        <Attack>
          <Rows value="5"/>
          <Columns value="15"/>
          <Width value="54"/>
          <Height value="51"/>
          <Speed value="0.2f"/>
        </Attack>
        <Chop>
          <Rows value="5"/>
          <Columns value="15"/>
          <Width value="74"/>
          <Height value="76"/>
          <Speed value="0.2f"/>
        </Chop>
        <Die>
          <Rows value="5"/>
          <Columns value="15"/>
          <Width value="77"/>
          <Height value="68"/>
          <Speed value="0.4f"/>
        </Die>
      </Animations>
    </Unit>

		<Unit>
      <Info>
        <Name value = "GONDOR_HERO"/>
        <ID value = "21"/>
        <BasePoint x="15" y="30"/>
        <SelectionRadius value="30"/>
      </Info>
			<Textures>
				<Idle value="textures/Units/GondorKnight/GondorKnightIdle.png"/>
				<Move value="textures/Units/GondorKnight/GondorKnightMove.png"/>
				<Attack value="textures/Units/GondorKnight/GondorKnightAttack.png"/>
				<Die value="textures/Units/GondorKnight/GondorKnightDie.png"/>
			</Textures>
			<Stats>
				<Faction value="0"/>
				<Life value="100"/>
				<Attack value="5"/>
				<AttackSpeed value="2"/>
				<Defense value="1"/>
				<PiercingDamage value="0"/>
				<MovementSpeed value="110.5"/>
				<LineOfSight value="5"/>
        <Range value="35"/>
				<FoodCost value=""/>
				<GoldCost value=""/>
				<BuildTime value=""/>
				<SkillType value="3"/>
			</Stats>
			<Animations>
				<Idle>
					<Rows value="5"/>
					<Columns value="10"/>
					<Width value="77"/>
					<Height value="90"/>
					<Speed value="0.2f"/>
				</Idle>
				<Move>
					<Rows value="5"/>
					<Columns value="10"/>
					<Width value="77"/>
					<Height value="91"/>
					<Speed value="0.2f"/>
				</Move>
				<Attack>
					<Rows value="5"/>
					<Columns value="10"/>
					<Width value="91"/>
					<Height value="98"/>
					<Speed value="0.2f"/>
				</Attack>
				<Die>
					<Rows value="10"/>
					<Columns value="5"/>
					<Width value="232"/>
					<Height value="127"/>
					<Speed value="0.2f"/>
				</Die>
			</Animations>
		</Unit>
		
		<!-- HEROES -->
		
		<Unit>
      <Info>
        <Name value = "LEGOLAS"/>
        <ID value = "22"/>
        <BasePoint x="10" y="15"/>
        <SelectionRadius value="15"/>
      </Info>
			<Textures>
				<Idle value="textures/Heroes/Legolas/LegolasIdle.png"/>
				<Move value="textures/Heroes/Legolas/LegolasMove.png"/>
				<Attack value="textures/Heroes/Legolas/LegolasAttack.png"/>
				<Die value="textures/Heroes/Legolas/LegolasDie.png"/>
			</Textures>
			<Stats>
				<Faction value="0"/>
				<Life value="200"/>
				<Attack value="5"/>
				<AttackSpeed value="4"/>
				<Defense value="2"/>
				<PiercingDamage value="0"/>
				<MovementSpeed value="130.5"/>
				<LineOfSight value="5"/>
        <Range value="35"/>
				<FoodCost value="200"/>
				<GoldCost value="200"/>
				<BuildTime value=""/>
				<SkillType value="1"/>
			</Stats>
			<Animations>
				<Idle>
					<Rows value="5"/>
					<Columns value="10"/>
					<Width value="42"/>
					<Height value="55"/>
					<Speed value="0.2f"/>
				</Idle>
				<Move>
					<Rows value="5"/>
					<Columns value="15"/>
					<Width value="43"/>
					<Height value="56"/>
					<Speed value="0.2f"/>
				</Move>
				<Attack>
					<Rows value="5"/>
					<Columns value="10"/>
					<Width value="45"/>
					<Height value="65"/>
					<Speed value="0.2f"/>
				</Attack>
				<Die>
					<Rows value="10"/>
					<Columns value="5"/>
					<Width value="57"/>
					<Height value="59"/>
					<Speed value="0.2f"/>
				</Die>
			</Animations>
		</Unit>
		<Unit>
      <Info>
        <Name value = "GANDALF"/>
        <ID value = "23"/>
        <BasePoint x="10" y="15"/>
        <SelectionRadius value="15"/>
      </Info>
			<Textures>
				<Idle value="textures/Heroes/Gandalf/GandalfIdle.png"/>
				<Move value="textures/Heroes/Gandalf/GandalfMove.png"/>
				<Attack value="textures/Heroes/Gandalf/GandalfAttack.png"/>
				<Die value="textures/Heroes/Gandalf/GandalfDie.png"/>
			</Textures>
			<Stats>
				<Faction value="0"/>
				<Life value="250"/>
				<Attack value="2"/>
				<AttackSpeed value="8"/>
				<Defense value="3"/>
				<PiercingDamage value="0"/>
				<MovementSpeed value="100.5"/>
				<LineOfSight value="5"/>
				<Range value=""/>
				<FoodCost value="200"/>
				<GoldCost value="450"/>
				<BuildTime value=""/>
				<SkillType value="3"/>
			</Stats>
			<Animations>
				<Idle>
					<Rows value="5"/>
					<Columns value="10"/>
					<Width value="39"/>
					<Height value="57"/>
					<Speed value="0.2f"/>
				</Idle>
				<Move>
					<Rows value="5"/>
					<Columns value="10"/>
					<Width value="55"/>
					<Height value="57"/>
					<Speed value="0.2f"/>
				</Move>
				<Attack>
					<Rows value="5"/>
					<Columns value="10"/>
					<Width value="98"/>
					<Height value="77"/>
					<Speed value="0.2f"/>
				</Attack>
				<Die>
					<Rows value="10"/>
					<Columns value="5"/>
					<Width value="78"/>
					<Height value="90"/>
					<Speed value="0.2f"/>
				</Die>
			</Animations>
		</Unit>
		<Unit>
      <Info>
        <Name value = "BALROG"/>
        <ID value = "24"/>
        <BasePoint x="15" y="20"/>
        <SelectionRadius value="40"/>
      </Info>
			<Textures>
				<Idle value="textures/Heroes/Balrog/BalrogIdle.png"/>
				<Move value="textures/Heroes/Balrog/BalrogMove.png"/>
				<Attack value="textures/Heroes/Balrog/BalrogAttack.png"/>
				<Die value="textures/Heroes/Balrog/BalrogDie.png"/>
			</Textures>
			<Stats>
				<Faction value="1"/>
				<Life value="180"/>
				<Attack value="8"/>
				<AttackSpeed value="1"/>
				<Defense value="5"/>
				<PiercingDamage value="0"/>
				<MovementSpeed value="100.5"/>
				<LineOfSight value="5"/>
				<Range value=""/>
				<FoodCost value=""/>
				<GoldCost value=""/>
				<BuildTime value=""/>
				<SkillType value="2"/>
			</Stats>
			<Animations>
				<Idle>
					<Rows value="5"/>
					<Columns value="15"/>
					<Width value="310"/>
					<Height value="289"/>
					<Speed value="0.2f"/>
				</Idle>
				<Move>
					<Rows value="5"/>
					<Columns value="15"/>
					<Width value="277"/>
					<Height value="290"/>
					<Speed value="0.2f"/>
				</Move>
				<Attack>
					<Rows value="5"/>
					<Columns value="15"/>
					<Width value="275"/>
					<Height value="311"/>
					<Speed value="0.2f"/>
				</Attack>
				<Die>
					<Rows value="5"/>
					<Columns value="15"/>
					<Width value="294"/>
					<Height value="301"/>
					<Speed value="0.2f"/>
				</Die>
			</Animations>
		</Unit>
	</Units>
	
	
	
<!-- BUILDINGS -->
	<Buildings>
    
		<Building>
      <Info>
        <Name value = "TOWN_CENTER"/>
        <ID value = "0"/>
        <BasePoint x="190" y="260"/>
        <SelectionWidth value="380"/>
      </Info>
			<Textures>
				<Idle value="textures/Buildings/BuildingsFP/TownHall.png"/>
				<Die value="textures/Buildings/BuildingsFP/TownHall.png"/>
				<ConstructingPhase1 value="textures/Buildings/Construction/InConstruction_Big_1.png"/>
				<ConstructingPhase2 value="textures/Buildings/Construction/InConstruction_Big_2.png"/>
				<ConstructingPhase3 value="textures/Buildings/Construction/InConstruction_Big_3.png"/>
			</Textures>
			<Stats>
				<Life value="2400"/>
				<BuildTime value="150"/>
				<CanAttack value="true"/>
				<Cost>
					<woodCost value="275"/>
					<stoneCost value="100"/>
				</Cost>
			</Stats>
		</Building>
		
		<Building>
      <Info>
        <Name value = "HOUSE"/>
        <ID value = "1"/>
        <BasePoint x="95" y="87"/>
        <SelectionWidth value="190"/>
      </Info>
			<Textures>
				<Idle value="textures/Buildings/BuildingsFP/HouseFP.png"/>
				<Die value="textures/Buildings/BuildingsFP/HouseFP.png"/>
				<ConstructingPhase1 value="textures/Buildings/Construction/InConstruction_Medium_1.png"/>
				<ConstructingPhase2 value="textures/Buildings/Construction/InConstruction_Medium_2.png"/>
				<ConstructingPhase3 value="textures/Buildings/Construction/InConstruction_Medium_3.png"/>
			</Textures>
			<Stats>
				<Life value="550"/>
				<BuildTime value="25"/>
				<CanAttack value="false"/>
				<Cost>
					<foodCost value="25"/>
					<woodCost value="50"/>
				</Cost>
			</Stats>
		</Building>
		
		<Building>
      <Info>
        <Name value = "BARRACKS"/>
        <ID value = "2"/>
        <BasePoint x="178" y="204"/>
        <SelectionWidth value="257"/>
      </Info>
			<Textures>
				<Idle value="textures/Buildings/BuildingsFP/BarracksFP.png"/>
				<Die value="textures/Buildings/BuildingsFP/BarracksFP.png"/>
				<ConstructingPhase1 value="textures/Buildings/Construction/InConstruction_Medium_1.png"/>
				<ConstructingPhase2 value="textures/Buildings/Construction/InConstruction_Medium_2.png"/>
				<ConstructingPhase3 value="textures/Buildings/Construction/InConstruction_Medium_3.png"/>
			</Textures>
			<Stats>
				<Life value="1200"/>
				<BuildTime value="50"/>
				<Cost>
					<woodCost value="150"/>
				</Cost>
				<CanAttack value="false"/>
			</Stats>
		</Building>
		
		<Building>
      <Info>
        <Name value = "ARCHERY_RANGE"/>
        <ID value = "3"/>
        <BasePoint x="125" y="267"/>
        <SelectionWidth value="250"/>
      </Info>
			<Textures>
				<Idle value="textures/Buildings/BuildingsFP/ArcheryRangeFP.png"/>
				<Die value="textures/Buildings/BuildingsFP/ArcheryRangeFP.png"/>
				<ConstructingPhase1 value="textures/Buildings/Construction/InConstruction_Medium_1.png"/>
				<ConstructingPhase2 value="textures/Buildings/Construction/InConstruction_Medium_2.png"/>
				<ConstructingPhase3 value="textures/Buildings/Construction/InConstruction_Medium_3.png"/>
			</Textures>
			<Stats>
				<Life value="1500"/>
				<BuildTime value="50"/>
				<CanAttack value="false"/>
				<Cost>
					<woodCost value="175"/>
				</Cost>
			</Stats>
		</Building>
		
		<Building>
      <Info>
        <Name value = "STABLES"/>
        <ID value = "4"/>
        <BasePoint x="140" y="267"/>
        <SelectionWidth value="280"/>
      </Info>
			<Textures>
				<Idle value="textures/Buildings/BuildingsFP/StablesFP.png"/>
				<Idle value="textures/Buildings/BuildingsFP/StablesFP.png"/>
				<ConstructingPhase1 value="textures/Buildings/Construction/InConstruction_Medium_1.png"/>
				<ConstructingPhase2 value="textures/Buildings/Construction/InConstruction_Medium_2.png"/>
				<ConstructingPhase3 value="textures/Buildings/Construction/InConstruction_Medium_3.png"/>
			</Textures>
			<Stats>
				<Life value="1500"/>
				<BuildTime value="50"/>
				<CanAttack value="false"/>
				<Cost>
					<foodCost value="200"/>
				</Cost>
			</Stats>
		</Building>
		
		<Building>
      <Info>
        <Name value = "SIEGE_WORKSHOP"/>
        <ID value = "5"/>
        <BasePoint x="185" y="232"/>
        <SelectionWidth value="370"/>
      </Info>
			<Textures>
				<Idle value="textures/Buildings/BuildingsFP/SiegeWorkshopFP.png"/>
				<Die value="textures/Buildings/BuildingsFP/SiegeWorkshopFP.png"/>
				<ConstructingPhase1 value="textures/Buildings/Construction/InConstruction_Medium_1.png"/>
				<ConstructingPhase2 value="textures/Buildings/Construction/InConstruction_Medium_2.png"/>
				<ConstructingPhase3 value="textures/Buildings/Construction/InConstruction_Medium_3.png"/>
			</Textures>
			<Stats>
				<Life value="1800"/>
				<BuildTime value="40"/>
				<CanAttack value="false"/>
				<Cost>
					<woodCost value="200"/>
					<goldCost value="100"/>
				</Cost>
			</Stats>
		</Building>
		
		<Building>
      <Info>
        <Name value = "MARKET"/>
        <ID value = "6"/>
        <BasePoint x="182" y="165"/>
        <SelectionWidth value="364"/>
      </Info>
			<Textures>
				<Idle value="textures/Buildings/BuildingsFP/MarketFP.png"/>
				<Die value="textures/Buildings/BuildingsFP/MarketFP.png"/>
				<ConstructingPhase1 value="textures/Buildings/Construction/InConstruction_Medium_1.png"/>
				<ConstructingPhase2 value="textures/Buildings/Construction/InConstruction_Medium_2.png"/>
				<ConstructingPhase3 value="textures/Buildings/Construction/InConstruction_Medium_3.png"/>
			</Textures>
			<Stats>
				<Life value="1800"/>
				<BuildTime value="60"/>
				<CanAttack value="false"/>
				<Cost>
					<foodCost value="100"/>
					<woodCost value="150"/>
				</Cost>
			</Stats>
		</Building>
		
		<Building>
      <Info>
        <Name value = "BLACKSMITH"/>
        <ID value = "7"/>
        <BasePoint x="144" y="195"/>
        <SelectionWidth value="288"/>
      </Info>
			<Textures>
				<Idle value="textures/Buildings/BuildingsFP/BlacksmithFP.png"/>
				<Die value="textures/Buildings/BuildingsFP/BlacksmithFP.png"/>
				<ConstructingPhase1 value="textures/Buildings/Construction/InConstruction_Medium_1.png"/>
				<ConstructingPhase2 value="textures/Buildings/Construction/InConstruction_Medium_2.png"/>
				<ConstructingPhase3 value="textures/Buildings/Construction/InConstruction_Medium_3.png"/>
			</Textures>
			<Stats>
				<Life value="1800"/>
				<BuildTime value="40"/>
				<CanAttack value="false"/>
				<Cost>
					<woodCost value="50"/>
					<stoneCost value="100"/>
					<goldCost value="100"/>
				</Cost>
			</Stats>
		</Building>
		
		<Building>
      <Info>
        <Name value = "MILL"/>
        <ID value = "8"/>
        <BasePoint x="107" y="117"/>
        <SelectionWidth value="214"/>
      </Info>
			<Textures>
				<Idle value="textures/Buildings/BuildingsFP/MillFP1.png"/>
				<Die value="textures/Buildings/BuildingsFP/MillFP1.png"/>
				<ConstructingPhase1 value="textures/Buildings/Construction/InConstruction_Medium_1.png"/>
				<ConstructingPhase2 value="textures/Buildings/Construction/InConstruction_Medium_2.png"/>
				<ConstructingPhase3 value="textures/Buildings/Construction/InConstruction_Medium_3.png"/>
			</Textures>
			<Stats>
				<Life value="600"/>
				<BuildTime value="35"/>
				<CanAttack value="false"/>
				<Cost>
					<woodCost value="100"/>
				</Cost>
			</Stats>
		</Building>
		<Building>
      <Info>
        <Name value = "OUTPOST"/>
        <ID value = "9"/>
        <BasePoint x="50" y="257"/>
        <SelectionWidth value="100"/>
      </Info>
			<Textures>
				<Idle value="textures/Buildings/BuildingsFP/OutpostFP.png"/>
				<Die value="textures/Buildings/BuildingsFP/OutpostFP.png"/>
				<ConstructingPhase1 value="textures/Buildings/Construction/InConstruction_Medium_1.png"/>
				<ConstructingPhase2 value="textures/Buildings/Construction/InConstruction_Medium_2.png"/>
				<ConstructingPhase3 value="textures/Buildings/Construction/InConstruction_Medium_3.png"/>
			</Textures>
			<Stats>
				<Life value="1020"/>
				<BuildTime value="15"/>
				<CanAttack value="false"/>
				<Cost>
					<woodCost value="25"/>
					<stoneCost value="125"/>
				</Cost>
			</Stats>
		</Building>
		
		<Building>
      <Info>
        <Name value = "MONASTERY"/>
        <ID value = "10"/>
        <BasePoint x="170" y="237"/>
        <SelectionWidth value="340"/>
      </Info>
			<Textures>
				<Idle value="textures/Buildings/BuildingsFP/MonasteryFP.png"/>
				<Die value="textures/Buildings/BuildingsFP/MonasteryFP.png"/>"
				<ConstructingPhase1 value="textures/Buildings/Construction/InConstruction_Medium_1.png"/>
				<ConstructingPhase2 value="textures/Buildings/Construction/InConstruction_Medium_2.png"/>
				<ConstructingPhase3 value="textures/Buildings/Construction/InConstruction_Medium_3.png"/>
			</Textures>
			<Stats>
				<Life value="2100"/>
				<BuildTime value="40"/>
				<CanAttack value="false"/>
				<Cost>
					<woodCost value="175"/>
					<goldCost value="100"/>
				</Cost>
			</Stats>
		</Building>
		
		<Building>
      <Info>
        <Name value = "CASTLE"/>
        <ID value = "11"/>
        <BasePoint x="" y=""/>
        <SelectionWidth value=""/>
      </Info>
			<Textures>
				<Idle value="textures/Buildings/BuildingsFP/HouseFP2.png"/>
				<Die value="textures/Buildings/BuildingsFP/HouseFP2.png"/>
				<ConstructingPhase1 value="textures/Buildings/Construction/InConstruction_Medium_1.png"/>
				<ConstructingPhase2 value="textures/Buildings/Construction/InConstruction_Medium_2.png"/>
				<ConstructingPhase3 value="textures/Buildings/Construction/InConstruction_Medium_3.png"/>
			</Textures>
			<Stats>
				<Life value="4800"/>
				<BuildTime value="200"/>
				<CanAttack value="false"/>
				<Cost>
					<stoneCost value="650"/>
				</Cost>
			</Stats>
		</Building>

 <Building>
      <Info>
        <Name value = "SAURON_TOWER"/>
        <ID value = "12"/>
        <BasePoint x="150" y="360"/>
        <SelectionWidth value="300"/>
      </Info>
			<Textures>
				<Idle value="textures/Buildings/BuildingsSA/TowerOfSauron.png"/>
				<Die value="textures/Buildings/BuildingsSA/TowerOfSauron.png"/>
				<ConstructingPhase1 value="textures/Buildings/Construction/InConstruction_Big_1.png"/>
				<ConstructingPhase2 value="textures/Buildings/Construction/InConstruction_Big_2.png"/>
				<ConstructingPhase3 value="textures/Buildings/Construction/InConstruction_Big_3.png"/>
			</Textures>
			<Stats>
				<Faction value="2"/>
				<Life value="2400"/>
				<BuildTime value="150"/>
				<CanAttack value="true"/>
				<Cost>
					<woodCost value="275"/>
					<stoneCost value="100"/>
				</Cost>
			</Stats>
		</Building>
    
    <Building>
      <Info>
        <Name value = "ORC_HOUSE"/>
        <ID value = "13"/>
        <BasePoint x="90" y="107"/>
        <SelectionWidth value="179"/>
      </Info>
			<Textures>
				<Idle value="textures/Buildings/BuildingsSA/House1.png"/>
				<Die value="textures/Buildings/BuildingsSA/House1.png"/>
				<ConstructingPhase1 value="textures/Buildings/Construction/InConstruction_Medium_1.png"/>
				<ConstructingPhase2 value="textures/Buildings/Construction/InConstruction_Medium_2.png"/>
				<ConstructingPhase3 value="textures/Buildings/Construction/InConstruction_Medium_3.png"/>
			</Textures>
			<Stats>
				<Faction value="2"/>
				<Life value="550"/>
				<BuildTime value="25"/>
				<CanAttack value="false"/>
				<Cost>
					<woodCost value="50"/>
				</Cost>
			</Stats>
		</Building>
    <Building>
      <Info>
        <Name value = "ORC_BARRACKS"/>
        <ID value = "14"/>
        <BasePoint x="133" y="215"/>
        <SelectionWidth value="265"/>
      </Info>
			<Textures>
				<Idle value="textures/Buildings/BuildingsSA/BarracksSA.png"/>
				<Die value="textures/Buildings/BuildingsSA/BarracksSA.png"/>
				<ConstructingPhase1 value="textures/Buildings/Construction/InConstruction_Medium_1.png"/>
				<ConstructingPhase2 value="textures/Buildings/Construction/InConstruction_Medium_2.png"/>
				<ConstructingPhase3 value="textures/Buildings/Construction/InConstruction_Medium_3.png"/>
			</Textures>
			<Stats>
				<Faction value="2"/>
				<Life value="1200"/>
				<BuildTime value="50"/>
				<Cost>
					<woodCost value="150"/>
				</Cost>
				<CanAttack value="false"/>
			</Stats>
		</Building>
    <Building>
      <Info>
        <Name value = "ORC_ARCHERY_RANGE"/>
        <ID value = "15"/>
        <BasePoint x="140" y="245"/>
        <SelectionWidth value="277"/>
      </Info>
			<Textures>
				<Idle value="textures/Buildings/BuildingsSA/ArcherySA.png"/>
				<Die value="textures/Buildings/BuildingsSA/ArcherySA.png"/>
				<ConstructingPhase1 value="textures/Buildings/Construction/InConstruction_Medium_1.png"/>
				<ConstructingPhase2 value="textures/Buildings/Construction/InConstruction_Medium_2.png"/>
				<ConstructingPhase3 value="textures/Buildings/Construction/InConstruction_Medium_3.png"/>
			</Textures>
			<Stats>
				<Faction value="2"/>
				<Life value="1500"/>
				<BuildTime value="50"/>
				<CanAttack value="false"/>
				<Cost>
					<stoneCost value="175"/>
				</Cost>
			</Stats>
		</Building>

   <Building>
      <Info>
        <Name value = "BEAST_PIT"/>
        <ID value = "16"/>
        <BasePoint x="168" y="110"/>
        <SelectionWidth value="235"/>
      </Info>
			<Textures>
				<Idle value="textures/Buildings/BuildingsSA/StablesSA.png"/>
				<Die value="textures/Buildings/BuildingsSA/StablesSA.png"/>
				<ConstructingPhase1 value="textures/Buildings/Construction/InConstruction_Medium_1.png"/>
				<ConstructingPhase2 value="textures/Buildings/Construction/InConstruction_Medium_2.png"/>
				<ConstructingPhase3 value="textures/Buildings/Construction/InConstruction_Medium_3.png"/>
			</Textures>
			<Stats>
				<Faction value="2"/>
				<Life value="1500"/>
				<BuildTime value="50"/>
				<CanAttack value="false"/>
				<Cost>
					<foodCost value="200"/>
				</Cost>
			</Stats>
		</Building>
   <Building>
      <Info>
        <Name value = "URUK_HAI_PIT"/>
        <ID value = "17"/>
        <BasePoint x="170" y="198"/>
        <SelectionWidth value="340"/>
      </Info>
			<Textures>
				<Idle value="textures/Buildings/BuildingsSA/PitSA.png"/>
				<Die value="textures/Buildings/BuildingsSA/PitSA.png"/>
				<ConstructingPhase1 value="textures/Buildings/Construction/InConstruction_Medium_1.png"/>
				<ConstructingPhase2 value="textures/Buildings/Construction/InConstruction_Medium_2.png"/>
				<ConstructingPhase3 value="textures/Buildings/Construction/InConstruction_Medium_3.png"/>
			</Textures>
			<Stats>
				<Faction value="2"/>
				<Life value="1800"/>
				<BuildTime value="40"/>
				<CanAttack value="false"/>
				<Cost>
					<woodCost value="200"/>
					<goldCost value="100"/>
				</Cost>
			</Stats>
		</Building>
   <Building>
      <Info>
        <Name value = "ORC_MARKET"/>
        <ID value = "18"/>
        <BasePoint x="183" y="250"/>
        <SelectionWidth value="365"/>
      </Info>
			<Textures>
				<Idle value="textures/Buildings/BuildingsSA/MarketSA.png"/>
				<Die value="textures/Buildings/BuildingsSA/MarketSA.png"/>
				<ConstructingPhase1 value="textures/Buildings/Construction/InConstruction_Medium_1.png"/>
				<ConstructingPhase2 value="textures/Buildings/Construction/InConstruction_Medium_2.png"/>
				<ConstructingPhase3 value="textures/Buildings/Construction/InConstruction_Medium_3.png"/>
			</Textures>
			<Stats>
				<Faction value="2"/>
				<Life value="1800"/>
				<BuildTime value="60"/>
				<CanAttack value="false"/>
				<Cost>
					<foodCost value="100"/>
					<woodCost value="150"/>
				</Cost>
			</Stats>
		</Building>
   <Building>
      <Info>
        <Name value = "ORC_BLACKSMITH"/>
        <ID value = "19"/>
        <BasePoint x="162" y="138"/>
        <SelectionWidth value="223"/>
      </Info>
			<Textures>
				<Idle value="textures/Buildings/BuildingsSA/BlacksmithSA.png"/>
				<Die value="textures/Buildings/BuildingsSA/BlacksmithSA.png"/>
				<ConstructingPhase1 value="textures/Buildings/Construction/InConstruction_Medium_1.png"/>
				<ConstructingPhase2 value="textures/Buildings/Construction/InConstruction_Medium_2.png"/>
				<ConstructingPhase3 value="textures/Buildings/Construction/InConstruction_Medium_3.png"/>
			</Textures>
			<Stats>
				<Faction value="2"/>
				<Life value="1800"/>
				<BuildTime value="40"/>
				<CanAttack value="false"/>
				<Cost>
					<woodCost value="50"/>
					<stoneCost value="100"/>
					<goldCost value="100"/>
				</Cost>
			</Stats>
		</Building>
	</Buildings>
<!-- Resources -->
    
  <Resources>
    
    <Resource value="BlackTrees">
        <Info>
          <ID value="0"/>
	        <Type value="1"/>
          <BasePoint x="14" y="187"/>
          <SelectionWidth value="40"/>
        </Info>
        <Textures>
          <Idle value="textures/Resources/Trees/BlackTrees.png"/>
          <Gathering value="textures/Resources/Trees/BlackCutingTrees.png"/>
        </Textures>
        <Stats>
          <Life value ="100"/>
        </Stats>
        <Rects>
          <Rect x="0" y="0" w="125" h="195"/>
          <Rect x="177" y="0" w="175" h="195"/>
          <Rect x="422" y="0" w="67" h="195"/>
          <Rect x="551" y="0" w="181" h="195"/>
          <Rect x="798" y="0" w="93" h="195"/>
          <Rect x="965" y="0" w="125" h="195"/>
          <Rect x="1182" y="0" w="121" h="195"/>
          <Rect x="1389" y="0" w="135" h="195"/>
          <Rect x="1596" y="0" w="71" h="195"/>
          <Rect x="1782" y="0" w="79" h="195"/>
          <Rect x="1782" y="0" w="79" h="195"/>
          <Rect x="2000" y="0" w="89" h="195"/>
          <Rect x="2193" y="0" w="71" h="195"/>
          <Rect x="2384" y="0" w="76" h="195"/>
        </Rects>
        <GatherRect>
          <Rect x="0" y="0" w="100" h="40"/>
        </GatherRect>
	</Resource>
      
	<Resource value ="GreenTrees">
        <Info>
          <ID value="1"/>
	        <Type value="1"/>
          <BasePoint x="14" y="187"/>
          <SelectionWidth value="40"/>
        </Info>
        <Textures>
          <Idle value="textures/Resources/Trees/GreenTrees.png"/>
          <Gathering value="textures/Resources/Trees/BrownCutingTrees.png"/>
        </Textures>
        <Stats>
          <Life value ="100"/>
        </Stats>
        <Rects>
          <Rect x="0" y="0" w="118" h="192"/>
          <Rect x="191" y="0" w="107" h="192"/>
          <Rect x="394" y="0" w="106" h="192"/>
          <Rect x="574" y="0" w="124" h="192"/>
          <Rect x="764" y="0" w="125" h="192"/>
          <Rect x="964" y="0" w="105" h="192"/>
          <Rect x="1110" y="0" w="120" h="192"/>
          <Rect x="1337" y="0" w="127" h="192"/>
          <Rect x="1553" y="0" w="99" h="192"/>
          <Rect x="1701" y="0" w="175" h="192"/>
          <Rect x="1922" y="0" w="105" h="192"/>
          <Rect x="2110" y="0" w="124" h="192"/>
          <Rect x="2310" y="0" w="93" h="192"/>
          <Rect x="2502" y="0" w="108" h="192"/>
        </Rects>
        <GatherRect>
          <Rect x="0" y="0" w="100" h="40"/>
        </GatherRect>
    </Resource>

    <Resource value ="GOLD_MINE">
      <Info>
        <ID value ="2"/>
	      <Type value="2"/>
        <BasePoint x="37" y="70"/>
        <SelectionWidth value="75"/>
      </Info>
      <Textures>
        <Idle value="textures/Resources/Gold/Gold.png"/>
        <Gathering value="textures/Resources/Gold/Gold.png"/>
      </Textures>
      <Stats>
        <Life value ="800"/>
      </Stats>
	  <Rects>
          <Rect x="12" y="1" w="74" h="43"/>
          <Rect x="100" y="1" w="77" h="44"/>
          <Rect x="191" y="1" w="65" h="51"/>
          <Rect x="285" y="1" w="80" h="46"/>
          <Rect x="379" y="1" w="87" h="47"/>
          <Rect x="566" y="9" w="80" h="38"/>
      </Rects>
    </Resource>
    <Resource value ="BUSH">
      <Info>
        <ID value ="3"/>
	      <Type value="3"/>
        <BasePoint x="85" y="73"/>
        <SelectionWidth value="100"/>
      </Info>
      <Textures>
        <Idle value="textures/Resources/Bushes/bush.png"/>
        <Gathering value="textures/Resources/Bushes/bush.png"/>
      </Textures>
      <Stats>
        <Life value ="100"/>
      </Stats>
	  <Rects>
          <Rect x="8" y="3" w="69" h="48"/>
          <Rect x="85" y="4" w="85" h="49"/>
          <Rect x="179" y="0" w="67" h="62"/>
          <Rect x="260" y="3" w="78" h="55"/>
      </Rects>
    </Resource>
    <Resource value ="STONE_MINE">
      <Info>
        <ID value ="4"/>
	      <Type value="4"/>
        <BasePoint x="85" y="73"/>
        <SelectionWidth value="100"/>
      </Info>
      <Textures>
        <Idle value="textures/Resources/Stone/stone.png"/>
        <Gathering value="textures/Resources/"/>
      </Textures>
      <Stats>
        <Life value ="350"/>
      </Stats>
      <Rects>
          <Rect x="4" y="2" w="78" h="44"/>
          <Rect x="95" y="1" w="74" h="46"/>
          <Rect x="179" y="0" w="85" h="48"/>
          <Rect x="278" y="0" w="80" h="46"/>
		   <Rect x="371" y="5" w="73" h="40"/>
		   <Rect x="458" y="5" w="75" h="41"/>
		  <Rect x="549" y="5" w="68" h="44"/>
      </Rects>
    </Resource>
     <Resource value ="FOREST_ROCK">
      <Info>
        <ID value ="5"/>
	<Type value="4"/>
      </Info>
      <Textures>
        <Idle value="textures/Resources/Rocks/ForestRocks.png"/>
        <Gathering value="textures/Resources/"/>
      </Textures>
      <Stats>
        <Life value ="420"/>
      </Stats>
      <Rects>
          <Rect x="10" y="58" w="225" h="250"/>
          <Rect x="270" y="89" w="199" h="227"/>
          <Rect x="509" y="15" w="208" h="293"/>
          <Rect x="752" y="48" w="214" h="257"/>
          <Rect x="1006" y="1" w="202" h="300"/>
          <Rect x="1268" y="116" w="182" h="172"/>
      </Rects>
    </Resource>
	 <Resource value ="MOUNT_1">
      <Info>
        <ID value ="6"/>
	<Type value="5"/>
      </Info>
      <Textures>
        <Idle value="textures/Resources/Mountains/mount1.png"/>
        <Gathering value="textures/Resources/"/>
      </Textures>
      <Stats>
        <Life value ="1000"/>
      </Stats>
      <Rects>
          <Rect x="0" y="0" w="586" h="472"/>
      </Rects>
    </Resource>
	 <Resource value ="MOUNT_2">
      <Info>
        <ID value ="7"/>
	<Type value="6"/>
      </Info>
      <Textures>
        <Idle value="textures/Resources/Mountains/mount2.png"/>
        <Gathering value="textures/Resources/"/>
      </Textures>
      <Stats>
        <Life value ="1000"/>
      </Stats>
      <Rects>
         <Rect x="0" y="0" w="642" h="471"/>
      </Rects>
    </Resource>
	<Resource value ="MOUNT_3">
      <Info>
        <ID value ="8"/>
	<Type value="7"/>
      </Info>
      <Textures>
        <Idle value="textures/Resources/Mountains/mount3.png"/>
        <Gathering value="textures/Resources/"/>
      </Textures>
      <Stats>
        <Life value ="1000"/>
      </Stats>
      <Rects>
         <Rect x="0" y="0" w="574" h="465"/>
      </Rects>
    </Resource>
	<Resource value ="MOUNT_4">
      <Info>
        <ID value ="9"/>
	<Type value="8"/>
      </Info>
      <Textures>
        <Idle value="textures/Resources/Mountains/mount4.png"/>
        <Gathering value="textures/Resources/"/>
      </Textures>
      <Stats>
        <Life value ="1000"/>
      </Stats>
      <Rects>
         <Rect x="0" y="0" w="512" h="399"/>
      </Rects>
    </Resource>
	<Resource value ="MOUNT_5">
      <Info>
        <ID value ="10"/>
	<Type value="9"/>
      </Info>
      <Textures>
        <Idle value="textures/Resources/Mountains/mount5.png"/>
        <Gathering value="textures/Resources/"/>
      </Textures>
      <Stats>
        <Life value ="1000"/>
      </Stats>
      <Rects>
         <Rect x="0" y="0" w="512" h="360"/>
      </Rects>
    </Resource>
	<Resource value ="MOUNT_6">
      <Info>
        <ID value ="11"/>
	<Type value="10"/>
      </Info>
      <Textures>
        <Idle value="textures/Resources/Mountains/mount6.png"/>
        <Gathering value="textures/Resources/"/>
      </Textures>
      <Stats>
        <Life value ="1000"/>
      </Stats>
      <Rects>
         <Rect x="0" y="0" w="1297" h="1081"/>
      </Rects>
    </Resource>
	<Resource value="ROCK_MINE">
		<Info>
			<ID value="12"/>
			<Type value="4"/>
		</Info>
		<Textures>
			<Idle value="textures/Resources/Rocks/Rocks.png"/>
			<Gathering value="textures/Resources/"/>
		</Textures>
		<Stats>
			<Life value="350"/>
		</Stats>
		<Rects>
			<Rect h="128" w="166" y="0" x="22"/>
			<Rect h="128" w="199" y="0" x="218"/>
			<Rect h="128" w="172" y="0" x="439"/>
			<Rect h="128" w="175" y="0" x="650"/>
			<Rect h="128" w="123" y="0" x="902"/>
			<Rect h="128" w="165" y="0" x="1082"/>
		</Rects>
	</Resource>
  </Resources>

<FPTechs>
  <Tech>
	<Name value="Ranged Weapons"/>
	<Desc value="asd"/>
	<Unlockedtech value="7"/>
	<Unlockedbuilding value="-1"/>
	<Unlockedunit unit_type="3" building="3"/>
	<Multiplier value="-1" multiplier="-1"/>
	<Researched_in value="3"/>
	<Research_time value="30"/>
	<Cost foodCost="100" woodCost="200" stoneCost="0" goldCost="0"/>
  </Tech>
<Tech>
	<Name value="Horse Training"/>
	<Desc value="asd"/>
	<Unlockedtech value="11"/>
	<Unlockedbuilding value="4"/>
	<Unlockedunit unit_type="-1" building="-1"/>
	<Multiplier value="-1" multiplier="-1"/>
	<Researched_in value="2"/>
	<Research_time value="40"/>
	<Cost foodCost="175" woodCost="200" stoneCost="0" goldCost="0"/>
  </Tech>
<Tech>
	<Name value="Town Militia"/>
	<Desc value="asd"/>
	<Unlockedtech value="4"/>
	<Unlockedbuilding value="10"/>
	<Unlockedunit unit_type="-1" building="-1"/>
	<Multiplier value="-1" multiplier="-1"/>
	<Researched_in value="2"/>
	<Research_time value="40"/>
	<Cost foodCost="100" woodCost="100" stoneCost="0" goldCost="50"/>
  </Tech>
  <Tech>
	<Name value="Enhanced Blacksmithing"/>
	<Desc value="asd"/>
	<Unlockedtech value="5"/>
	<Unlockedbuilding value="7"/>
	<Unlockedunit unit_type="-1" building="-1"/>
	<Multiplier value="-1" multiplier="-1"/>
	<Researched_in value="2"/>
	<Research_time value="70"/>
	<Cost foodCost="0" woodCost="0" stoneCost="150" goldCost="150"/>
  </Tech>
<Tech>
	<Name value="Mountain Forge"/>
	<Desc value="asd"/>
	<Unlockedtech value="6"/>
	<Unlockedtech value="7"/>
	<Unlockedbuilding value="-1"/>
	<Unlockedunit unit_type="10" building="5"/>
	<Multiplier value="-1" multiplier="-1"/>
	<Researched_in value="7"/>
	<Research_time value="100"/>
	<Cost foodCost="0" woodCost="150" stoneCost="200" goldCost="50"/>
  </Tech>
<Tech>
	<Name value="Dwarven Steel"/>
	<Desc value="asd"/>
	<Unlockedbuilding value="-1"/>
	<Unlockedunit unit_type="-1" building="-1"/>
	<Multiplier value="-1" multiplier="-1"/>
	<Researched_in value="7"/>
	<Research_time value="120"/>
	<Cost foodCost="100" woodCost="0" stoneCost="200" goldCost="100"/>
  </Tech>
<Tech>
	<Name value="Dwarven Tactics"/>
	<Desc value="asd"/>
	<Unlockedbuilding value="-1"/>
	<Unlockedunit unit_type="1" building="2"/>
	<Multiplier value="-1" multiplier="-1"/>
	<Researched_in value="11"/>
	<Research_time value="120"/>
	<Cost foodCost="300" woodCost="0" stoneCost="100" goldCost="0"/>
  </Tech>
<Tech>
	<Name value="Enhanced Training"/>
	<Desc value="asd"/>
	<Unlockedtech value="8"/>
	<Unlockedtech value="9"/>
	<Unlockedtech value="10"/>
	<Unlockedbuilding value="-1"/>
	<Unlockedunit unit_type="0" building="2"/>
	<Multiplier value="-1" multiplier="-1"/>
	<Researched_in value="3"/>
	<Research_time value="60"/>
	<Cost foodCost="200" woodCost="0" stoneCost="0" goldCost="150"/>
  </Tech>
<Tech>
	<Name value="Elven Tactics"/>
	<Desc value="asd"/>
	<Unlockedbuilding value="-1"/>
	<Unlockedunit unit_type="-1" building="-1"/>
	<Multiplier value="-1" multiplier="-1"/>
	<Researched_in value="11"/>
	<Research_time value="90"/>
	<Cost foodCost="0" woodCost="0" stoneCost="0" goldCost="350"/>
  </Tech>
<Tech>
	<Name value="Elven Steel"/>
	<Desc value="asd"/>
	<Unlockedbuilding value="-1"/>
	<Unlockedunit unit_type="5" building="4"/>
	<Multiplier value="-1" multiplier="-1"/>
	<Researched_in value="7"/>
	<Research_time value="120"/>
	<Cost foodCost="0" woodCost="100" stoneCost="200" goldCost="150"/>
  </Tech>
<Tech>
	<Name value="Library"/>
	<Desc value="asd"/>
	<Unlockedbuilding value="11"/>
	<Unlockedunit unit_type="-1" building="-1"/>
	<Multiplier value="-1" multiplier="-1"/>
	<Researched_in value="0"/>
	<Research_time value="110"/>
	<Cost foodCost="0" woodCost="100" stoneCost="100" goldCost="250"/>
  </Tech>
<Tech>
	<Name value="Enhanced Villagers"/>
	<Desc value="asd"/>
	<Unlockedtech value="12"/>
	<Unlockedtech value="13"/>
	<Unlockedtech value="14"/>
	<Unlockedbuilding value="-1"/>
	<Unlockedunit unit_type="-1" building="-1"/>
	<Multiplier value="-1" multiplier="-1"/>
	<Researched_in value="0"/>
	<Research_time value="70"/>
	<Cost foodCost="150" woodCost="0" stoneCost="0" goldCost="150"/>
  </Tech>
<Tech>
	<Name value="Human Warfare"/>
	<Desc value="asd"/>
	<Unlockedbuilding value="-1"/>
	<Unlockedunit unit_type="8" building="3"/>
	<Multiplier value="-1" multiplier="-1"/>
	<Researched_in value="2"/>
	<Research_time value="100"/>
	<Cost foodCost="200" woodCost="200" stoneCost="0" goldCost="0"/>
  </Tech>
<Tech>
	<Name value="Rohan Knights"/>
	<Desc value="asd"/>
	<Unlockedbuilding value="-1"/>
	<Unlockedunit unit_type="7" building="4"/>
	<Multiplier value="-1" multiplier="-1"/>
	<Researched_in value="4"/>
	<Research_time value="140"/>
	<Cost foodCost="300" woodCost="0" stoneCost="0" goldCost="200"/>
  </Tech>
<Tech>
	<Name value="Dunedain Outpost"/>
	<Desc value="asd"/>
	<Unlockedbuilding value="12"/>
	<Unlockedunit unit_type="-1" building="-1"/>
	<Multiplier value="-1" multiplier="-1"/>
	<Researched_in value="10"/>
	<Research_time value="150"/>
	<Cost foodCost="0" woodCost="0" stoneCost="300" goldCost="200"/>
  </Tech>
</FPTechs>
<SATechs>
  <Tech>
	<Name value="Orc mines"/>
	<Desc value="asd"/>
	<Unlockedtech value="4"/>
	<Unlockedtech value="2"/>
	<Unlockedbuilding value="-1"/>
	<Unlockedunit unit_type="12" building="14"/>
	<Multiplier value="-1" multiplier="-1"/>
	<Researched_in value="14"/>
	<Research_time value="30"/>
	<Cost foodCost="0" woodCost="100" stoneCost="0" goldCost="0"/>
  </Tech>
<Tech>
	<Name value="Guts commerce"/>
	<Desc value="asd"/>
	<Unlockedtech value="3"/>
	<Unlockedbuilding value="18"/>
	<Unlockedunit unit_type="-1" building="-1"/>
	<Multiplier value="-1" multiplier="-1"/>
	<Researched_in value="12"/>
	<Research_time value="40"/>
	<Cost foodCost="0" woodCost="100" stoneCost="0" goldCost="50"/>
  </Tech>
<Tech>
	<Name value="Steel mines"/>
	<Desc value="asd"/>
	<Unlockedbuilding value="19"/>
	<Unlockedunit unit_type="-1" building="-1"/>
	<Multiplier value="-1" multiplier="-1"/>
	<Researched_in value="12"/>
	<Research_time value="40"/>
	<Cost foodCost="0" woodCost="50" stoneCost="10" goldCost="50"/>
  </Tech>
<Tech>
	<Name value="Skirmish Tactics"/>
	<Desc value="asd"/>
	<Unlockedtech value="5"/>
	<Unlockedtech value="6"/>
	<Unlockedbuilding value="15"/>
	<Unlockedunit unit_type="14" building="15"/>
	<Multiplier value="-1" multiplier="-1"/>
	<Researched_in value="14"/>
	<Research_time value="60"/>
	<Cost foodCost="100" woodCost="200" stoneCost="0" goldCost="0"/>
  </Tech>
<Tech>
	<Name value="Beast Taming"/>
	<Desc value="asd"/>
	<Unlockedtech value="7"/>
	<Unlockedbuilding value="16"/>
	<Unlockedunit unit_type="15" building="16"/>
	<Multiplier value="-1" multiplier="-1"/>
	<Researched_in value="14"/>
	<Research_time value="90"/>
	<Cost foodCost="300" woodCost="0" stoneCost="0" goldCost="50"/>
  </Tech>
<Tech>
	<Name value="Saruman support"/>
	<Desc value="asd"/>
	<Unlockedtech value="8"/>
	<Unlockedbuilding value="17"/>
	<Unlockedunit unit_type="13" building="14"/>
	<Multiplier value="-1" multiplier="-1"/>
	<Researched_in value="14"/>
	<Research_time value="120"/>
	<Cost foodCost="100" woodCost="0" stoneCost="0" goldCost="350"/>
  </Tech>
<Tech>
	<Name value="Haradrim Reinforcements"/>
	<Desc value="asd"/>
	<Unlockedbuilding value="-1"/>
	<Unlockedunit unit_type="17" building="16"/>
	<Multiplier value="-1" multiplier="-1"/>
	<Researched_in value="16"/>
	<Research_time value="110"/>
	<Cost foodCost="100" woodCost="100" stoneCost="0" goldCost="250"/>
  </Tech>
<Tech>
	<Name value="Giant breed"/>
	<Desc value="asd"/>
	<Unlockedtech value="9"/>
	<Unlockedbuilding value="-1"/>
	<Unlockedunit unit_type="19" building="14"/>
	<Multiplier value="-1" multiplier="-1"/>
	<Researched_in value="14"/>
	<Research_time value="120"/>
	<Cost foodCost="450" woodCost="0" stoneCost="0" goldCost="0"/>
  </Tech>
<Tech>
	<Name value="Call to the nine"/>
	<Desc value="asd"/>
	<Unlockedbuilding value="-1"/>
	<Unlockedunit unit_type="19" building="12"/>
	<Multiplier value="-1" multiplier="-1"/>
	<Researched_in value="2"/>
	<Research_time value="100"/>
	<Cost foodCost="100" woodCost="100" stoneCost="0" goldCost="300"/>
  </Tech>
</SATechs>

<AI>
	<Expansion>
		<Villager_num value="2"/>
		<Building value="13"/>
		<Building value="14"/>
	</Expansion>
<Expansion>
		<Villager_num value="4"/>
		<Tech value="1"/>
	</Expansion>
<Expansion>
		<Villager_num value="6"/>
		<Tech value="2"/>
		<Tech value="4"/>
	</Expansion>
<Expansion>
		<Villager_num value="8"/>
		<Tech value="3"/>
		<Building value="15"/>
		<Building value="18"/>
	</Expansion>
<Expansion>
		<Villager_num value="10"/>
		<Tech value="5"/>
		<Building value="19"/>
	</Expansion>
<Expansion>
		<Villager_num value="12"/>
		<Tech value="6"/>
		<Building value="16"/>
	</Expansion>
<Expansion>
		<Villager_num value="15"/>
		<Tech value="8"/>
		<Building value="17"/>
	</Expansion>
<Expansion>
		<Villager_num value="20"/>
		<Tech value="7"/>
	</Expansion>
<Expansion>
		<Villager_num value="25"/>
		<Tech value="9"/>
	</Expansion>
<Expansion>
		<Villager_num value="35"/>
	</Expansion>

</AI>
</GameData>