<?xml version="1.0"?>
<HUDData>
	<Images>
			<HUD>
				<Info>
					<Name value = "BACKGROUND"/>
					<ID value = "0"/>
					<Position x = "0" y = "0"/>
				</Info>
				<Texture>
					<Path value = "gui/MenuAtlas.png"/>
					<Rect x = "0" y = "2" w="1280" h="720"/>
				</Texture>
				<Scenes>
					<Scene value = "MENUSCENE"/>
				</Scenes>
			</HUD>
			<HUD>
				<Info>
					<Name value = "MENU BACKGROUND"/>
					<ID value = "1"/>
					<Position x = "800" y = "200"/>
				</Info>
				<Texture>
					<Path value = "gui/MenuAtlas.png"/>
					<Rect x = "10" y = "731" w="374" h="266"/>
				</Texture>
				<Scenes>
					<Scene value = "MENUSCENE"/>
				</Scenes>
			</HUD>
			<HUD>
				<Info>
					<Name value = "WINDOW_OPTIONS"/>
					<ID value = "2"/>
					<Position x = "0" y = "0"/>
				</Info>
				<Texture>
					<Path value = "gui/tech-tree-parchment-drop-down-background.png"/>
					<Rect x = "0" y = "0" w="120" h="266"/>
				</Texture>
				<Scenes>
					<Scene value = "MENUSCENE"/>
				</Scenes>
			</HUD>
			<HUD>
				<Info>
					<Name value = "WINDOW_SKIRMISH"/>
					<ID value = "3"/>
					<Position x = "0" y = "0"/>
				</Info>
				<Texture>
					<Path value = "gui/tech-tree-parchment-drop-down-background.png"/>
					<Rect x = "0" y = "0" w="300" h="266"/>
				</Texture>
				<Scenes>
					<Scene value = "MENUSCENE"/>
				</Scenes>
			</HUD>
			<HUD>
				<Info>
					<Name value = "FREEPEOPLE"/>
					<ID value = "4"/>
					<Position x = "0" y = "0"/>
				</Info>
				<Texture>
					<Path value = "gui/freepeople.png"/>
					<Rect x = "0" y = "0" w="125" h="70"/>
				</Texture>
				<Scenes>
					<Scene value = "MENUSCENE"/>
				</Scenes>
			</HUD>
			<HUD>
				<Info>
					<Name value = "SAURONARMY"/>
					<ID value = "5"/>
					<Position x = "0" y = "0"/>
				</Info>
				<Texture>
					<Path value = "gui/sauronarmy.png"/>
					<Rect x = "0" y = "0" w="125" h="70"/>
				</Texture>
				<Scenes>
					<Scene value = "MENUSCENE"/>
				</Scenes>
			</HUD>
			<HUD>
				<Info>
					<Name value = "TOP"/>
					<ID value = "0"/>
					<Position x = "0" y = "0"/>
				</Info>
				<Texture>
					<Path value = "gui/ingame_layer.png"/>
					<Rect x = "0" y = "0" w="1920" h="30"/>
				</Texture>
				<Scenes>
					<Scene value = "LEVEL"/>
				</Scenes>
			</HUD>
			<HUD>
				<Info>
					<Name value = "BOTTOM"/>
					<ID value = "1"/>
					<Position x = "0" y = "0"/>
				</Info>
				<Texture>
					<Path value = "gui/ingame_layer.png"/>
					<Rect x = "0" y = "44" w="1920" h="172"/>
				</Texture>
				<Scenes>
					<Scene value = "LEVEL"/>
				</Scenes>
			</HUD>
			<HUD>
				<Info>
					<Name value = "MINIMAP"/>
					<ID value = "2"/>
					<Position x = "0" y = "0"/>
				</Info>
				<Texture>
					<Path value = "gui/ingame_layer.png"/>
					<Rect x = "1044" y = "44" w="364" h="172"/>
				</Texture>
				<Scenes>
					<Scene value = "LEVEL"/>
				</Scenes>
			</HUD>
			<HUD>
				<Info>
					<Name value = "WINDOW"/>
					<ID value = "3"/>
					<Position x = "0" y = "0"/>
				</Info>
				<Texture>
					<Path value = "gui/tech-tree-parchment-drop-down-background.png"/>
					<Rect x = "0" y = "0" w="280" h="280"/>
				</Texture>
				<Scenes>
					<Scene value = "LEVEL"/>
				</Scenes>
			</HUD>
	</Images>
	<Buttons>
	<HUD>
				<Info>
					<Name value = "SKIRMISH"/>
					<ID value = "6"/>
					<Position x = "200" y = "30"/>
					<Tier value = "2"/>
				</Info>
				<Texture>
					<Path value = "gui/MenuAtlas.png"/>
				</Texture>
				<Blit>
					<Section x = "420" y = "807" w="356" h="59"/>
					<Section x = "798" y = "810" w="355" h="57"/>
				</Blit>
				<Detect>
					<Section x = "200" y = "30" w="356" h="59"/>
				</Detect>
				<Scenes>
					<Scene value = "MENUSCENE"/>
				</Scenes>
			</HUD>
			<HUD>
				<Info>
					<Name value = "OPTIONS"/>
					<ID value = "7"/>
					<Position x = "200" y = "100"/>
					<Tier value = "2"/>
				</Info>
				<Texture>
					<Path value = "gui/MenuAtlas.png"/>
				</Texture>
				<Blit>
					<Section x = "420" y = "871" w="356" h="58"/>
					<Section x = "798" y = "874" w="355" h="58"/>
				</Blit>
				<Detect>
					<Section x = "200" y = "100" w="356" h="59"/>
				</Detect>
				<Scenes>
					<Scene value = "MENUSCENE"/>
				</Scenes>
			</HUD>
			<HUD>
				<Info>
					<Name value = "QUIT"/>
					<ID value = "8"/>
					<Position x = "200" y = "200"/>
					<Tier value = "2"/>
				</Info>
				<Texture>
					<Path value = "gui/MenuAtlas.png"/>
				</Texture>
				<Blit>
					<Section x = "420" y = "935" w="356" h="58"/>
					<Section x = "798" y = "937" w="355" h="58"/>
				</Blit>
				<Detect>
					<Section x = "200" y = "200" w="356" h="59"/>
				</Detect>
				<Scenes>
					<Scene value = "MENUSCENE"/>
				</Scenes>
			</HUD>
			<HUD>
				<Info>
					<Name value = "MUTE"/>
					<ID value = "9"/>
					<Position x = "0" y = "0"/>
					<Tier value = "2"/>
				</Info>
				<Texture>
					<Path value = "gui/button.png"/>
				</Texture>
				<Blit>
					<Section x = "20" y = "0" w="100" h="30"/>
					<Section x = "20" y = "30" w="100" h="30"/>
				</Blit>
				<Detect>
					<Section x = "0" y = "0" w="100" h="30"/>
				</Detect>
				<Scenes>
					<Scene value = "MENUSCENE"/>
				</Scenes>
			</HUD>
			<HUD>
				<Info>
					<Name value = "FULLSCREEN"/>
					<ID value = "10"/>
					<Position x = "0" y = "0"/>
					<Tier value = "2"/>
				</Info>
				<Texture>
					<Path value = "gui/button.png"/>
				</Texture>
				<Blit>
					<Section x = "20" y = "0" w="100" h="30"/>
					<Section x = "20" y = "30" w="100" h="30"/>
				</Blit>
				<Detect>
					<Section x = "0" y = "0" w="100" h="30"/>
				</Detect>
				<Scenes>
					<Scene value = "MENUSCENE"/>
				</Scenes>
			</HUD>
			<HUD>
			<Info>
					<Name value = "NEWGAME"/>
					<ID value = "11"/>
					<Position x = "0" y = "0"/>
					<Tier value = "2"/>
				</Info>
				<Texture>
					<Path value = "gui/button.png"/>
				</Texture>
				<Blit>
					<Section x = "0" y = "0" w="220" h="30"/>
					<Section x = "0" y = "30" w="220" h="30"/>
				</Blit>
				<Detect>
					<Section x = "0" y = "0" w="220" h="30"/>
				</Detect>
				<Scenes>
					<Scene value = "MENUSCENE"/>
				</Scenes>
			</HUD>	
			<HUD>
			<Info>
					<Name value = "LOADGAME"/>
					<ID value = "12"/>
					<Position x = "0" y = "0"/>
					<Tier value = "2"/>
				</Info>
				<Texture>
					<Path value = "gui/button.png"/>
				</Texture>
				<Blit>
					<Section x = "0" y = "0" w="220" h="30"/>
					<Section x = "0" y = "30" w="220" h="30"/>
				</Blit>
				<Detect>
					<Section x = "0" y = "0" w="220" h="30"/>
				</Detect>
				<Scenes>
					<Scene value = "MENUSCENE"/>
				</Scenes>
			</HUD>	
			<HUD>
				<Info>
					<Name value = "MENU"/>
					<ID value = "4"/>
					<Position x = "0" y = "0"/>
					<Tier value = "2"/>
				</Info>
				<Texture>
					<Path value = "gui/game_scene_ui.png"/>
				</Texture>
				<Blit>
					<Section x = "0" y = "0" w="50" h="19"/>
					<Section x = "50" y = "0" w="50" h="19"/>
				</Blit>
				<Detect>
					<Section x = "1330" y = "5" w="50" h="19"/>
				</Detect>
				<Scenes>
					<Scene value = "LEVEL"/>
				</Scenes>
			</HUD>
			<HUD>
				<Info>
					<Name value = "BACK TO MENU"/>
					<ID value = "5"/>
					<Position x = "0" y = "0"/>
					<Tier value = "2"/>
				</Info>
				<Texture>
					<Path value = "gui/button.png"/>
				</Texture>
				<Blit>
					<Section x = "0" y = "0" w="220" h="30"/>
					<Section x = "0" y = "30" w="220" h="30"/>
				</Blit>
				<Detect>
					<Section x = "0" y = "0" w="220" h="30"/>
				</Detect>
				<Scenes>
					<Scene value = "LEVEL"/>
				</Scenes>
			</HUD>
			<HUD>
				<Info>
					<Name value = "QUIT GAME"/>
					<ID value = "6"/>
					<Position x = "0" y = "0"/>
					<Tier value = "2"/>
				</Info>
				<Texture>
					<Path value = "gui/button.png"/>
				</Texture>
				<Blit>
					<Section x = "0" y = "0" w="220" h="30"/>
					<Section x = "0" y = "30" w="220" h="30"/>
				</Blit>
				<Detect>
					<Section x = "0" y = "0" w="220" h="30"/>
				</Detect>
				<Scenes>
					<Scene value = "LEVEL"/>
				</Scenes>
			</HUD>
			<HUD>
				<Info>
					<Name value = "SAVE GAME"/>
					<ID value = "7"/>
					<Position x = "0" y = "0"/>
					<Tier value = "2"/>
				</Info>
				<Texture>
					<Path value = "gui/button.png"/>
				</Texture>
				<Blit>
					<Section x = "0" y = "0" w="220" h="30"/>
					<Section x = "0" y = "30" w="220" h="30"/>
				</Blit>
				<Detect>
					<Section x = "0" y = "0" w="220" h="30"/>
				</Detect>
				<Scenes>
					<Scene value = "LEVEL"/>
				</Scenes>
			</HUD>
			<HUD>
				<Info>
					<Name value = "CANCEL"/>
					<ID value = "8"/>
					<Position x = "0" y = "0"/>
					<Tier value = "2"/>
				</Info>
				<Texture>
					<Path value = "gui/button.png"/>
				</Texture>
				<Blit>
					<Section x = "0" y = "0" w="220" h="30"/>
					<Section x = "0" y = "30" w="220" h="30"/>
				</Blit>
				<Detect>
					<Section x = "0" y = "0" w="220" h="30"/>
				</Detect>
				<Scenes>
					<Scene value = "LEVEL"/>
				</Scenes>
			</HUD>
			<HUD>
				<Info>
					<Name value = "LOADGAME"/>
					<ID value = "9"/>
					<Position x = "0" y = "0"/>
					<Tier value = "2"/>
				</Info>
				<Texture>
					<Path value = "gui/button.png"/>
				</Texture>
				<Blit>
					<Section x = "0" y = "0" w="220" h="30"/>
					<Section x = "0" y = "30" w="220" h="30"/>
				</Blit>
				<Detect>
					<Section x = "0" y = "0" w="220" h="30"/>
				</Detect>
				<Scenes>
					<Scene value = "LEVEL"/>
				</Scenes>
			</HUD>
	</Buttons>
	<Sprites>
		<Proportions width ="33" height="32"/>
	</Sprites>

	<Units>
		<Unit>
        <Name value = "ELVEN LONGBLADE"/>
        <ID value = "0"/>
	<Position x="0" y ="0"/>
	<Cost woodCost ="0" foodCost = "75" goldCost = "100" stoneCost ="0"/>
		</Unit>
		<Unit>
        <Name value = "DWARVEN MAULER"/>
        <ID value = "1"/>
		<Position x="33" y ="0"/>
		<Cost woodCost ="0" foodCost = "75" goldCost = "75" stoneCost ="0"/>
		</Unit>
		<Unit>
        <Name value = "GONDOR SPEARMAN"/>
        <ID value = "2"/>
		<Position x = "66" y = "0"/>
		<Cost woodCost ="0" foodCost = "125" goldCost = "50" stoneCost ="0"/>
		</Unit>
		<Unit>
        <Name value = "ELVEN ARCHER"/>
        <ID value = "3"/>
		<Position x = "99" y = "0"/>
		<Cost woodCost ="0" foodCost = "175" goldCost = "0" stoneCost ="0"/>
		</Unit>
		<Unit>
        <Name value = "DUNEDAIN RANGE"/>
        <ID value = "4"/>
		<Position x = "132" y = "0"/>
		<Cost woodCost ="0" foodCost = "50" goldCost = "100" stoneCost ="0"/>
		</Unit>
		<Unit>
        <Name value = "ELVEN CAVALRYE"/>
        <ID value = "5"/>
		<Position x = "165" y = "0"/>
		<Cost woodCost ="0" foodCost = "120" goldCost = "50" stoneCost ="0"/>
		</Unit>
		<Unit>
        <Name value = "GONDOR KNIGHT"/>
        <ID value = "6"/>
		<Position x = "198" y = "0"/>
		<Cost woodCost ="0" foodCost = "100" goldCost = "75" stoneCost ="0"/>
		</Unit>
		<Unit>
        <Name value = "ROHAN KNIGHT"/>
        <ID value = "7"/>
		<Position x = "231" y = "0"/>
		<Cost woodCost ="0" foodCost = "120" goldCost = "50" stoneCost ="0"/>
		</Unit>
		<Unit>
        <Name value = "MOUNTED DUNEDAIN"/>
        <ID value = "8"/>
		<Position x = "264" y = "0"/>
		<Cost woodCost ="0" foodCost = "160" goldCost = "50" stoneCost ="0"/>
		</Unit>
		<Unit>
		 <Name value = "GOBLIN_SOLDIER"/>
        <ID value = "9"/>
		<Position x="66" y ="32"/>
		<Cost woodCost ="275" foodCost = "" goldCost = "" stoneCost ="100"/>
		</Unit>
		<Unit>
        <Name value = "ORC SOLDIER"/>
        <ID value = "10"/>
		<Position x="99" y ="32"/>
		<Cost woodCost ="275" foodCost = "" goldCost = "" stoneCost ="100"/>
		</Unit>
		<Unit>
        <Name value = "URUK HAI SOLDIER"/>
        <ID value = "11"/>
		<Position x="132" y ="32"/>
		<Cost woodCost ="275" foodCost = "" goldCost = "" stoneCost ="100"/>
		</Unit>
		<Unit>
        <Name value = "ORC ARCHER"/>
        <ID value = "12"/>
		<Position x = "165" y = "32"/>
		<Cost woodCost ="275" foodCost = "" goldCost = "" stoneCost ="100"/>
		</Unit>
		<Unit>
        <Name value = "VENOMOUS SPIDER"/>
        <ID value = "13"/>
		<Position x = "198" y = "32"/>
		<Cost woodCost ="275" foodCost = "" goldCost = "" stoneCost ="100"/>
		</Unit>
		<Unit>
        <Name value = "HARADRIM OLIFANT"/>
        <ID value = "14"/>
		<Position x = "231" y = "32"/>
		<Cost woodCost ="275" foodCost = "" goldCost = "" stoneCost ="100"/>
		</Unit>
		<Unit>
        <Name value = "NAZGUL"/>
        <ID value = "15"/>
		<Position x = "264" y = "32"/>
		<Cost woodCost ="275" foodCost = "" goldCost = "" stoneCost ="100"/>
		</Unit>
		<Unit>
        <Name value = "TROLL MAULER"/>
        <ID value = "16"/>
		<Position x = "0" y = "64"/>
		<Cost woodCost ="275" foodCost = "" goldCost = "" stoneCost ="100"/>
		</Unit>
		<Unit>
		<Name value = "VILLAGER"/>
        <ID value = "17"/>
		<Position x="33" y = "64"/>
		<Cost woodCost ="0" foodCost = "20" goldCost = "" stoneCost ="0"/>
		</Unit>
		<Unit>
		<Name value = "ELF VILLAGER"/>
        <ID value = "18"/>
		<Position x="66" y = "64"/>
		<Cost woodCost ="100" foodCost = "0" goldCost = "" stoneCost ="0"/>
		</Unit>
		<Unit>
		<Name value = "LEGOLAS"/>
        <ID value = "19"/>
		<Position x="99" y = "64"/>
		<Description value = ""/>
		<Cost woodCost ="0" foodCost = "200" goldCost = "200" stoneCost ="0"/>
		</Unit>
		<Unit>
		<Name value = "GANDALF"/>
        <ID value = "20"/>
		<Position x="99" y = "64"/>
		<Cost woodCost ="0" foodCost = "200" goldCost = "450" stoneCost ="100"/>
		</Unit>
		<Unit>
		<Name value = "BALROG"/>
        <ID value = "21"/>
		<Position x="99" y = "64"/>
		<Cost woodCost ="0" foodCost = "0" goldCost = "0" stoneCost ="0"/>
		</Unit>
	</Units>

	<Buildings>
		<Building>
        <Name value = "TOWN CENTER"/>
        <ID value = "0"/>
		<Position x = "0" y = "0"/>
		<Cost woodCost ="275" foodCost = "0" goldCost = "0" stoneCost ="100"/>
		</Building>
		<Building>
        <Name value = "HOUSE"/>
        <ID value = "1"/>
		<Position x="0" y ="0"/>
		<Cost woodCost ="50" foodCost = "25" goldCost = "0" stoneCost ="0"/>
		</Building>
		<Building>
        <Name value = "BARRACKS"/>
        <ID value = "2"/>
		<Position x = "33" y = "0"/>
		<Cost woodCost ="150" foodCost = "0" goldCost = "0" stoneCost ="0"/>
		</Building>
		<Building>
        <Name value = "ARCHERY RANGE"/>
         <ID value = "3"/>
		<Position x = "99" y = "0"/>
		<Cost woodCost ="175" foodCost = "0" goldCost = "0" stoneCost ="0"/>
		</Building>
		<Building>
        <Name value = "STABLES"/>
       <ID value = "4"/>
		<Position x = "132" y = "0"/>
		<Cost woodCost ="200" foodCost = "0" goldCost = "0" stoneCost ="0"/>
		</Building>
		<Building>
        <Name value = "SIEGE WORKSHOP"/>
        <ID value = "5"/>
		<Position x = "165" y = "0"/>
		<Cost woodCost ="200" foodCost = "0" goldCost = "100" stoneCost ="0"/>
		</Building>
		<Building>
        <Name value = "MARKET"/>
         <ID value = "6"/>
		<Position x = "198" y = "0"/>
		<Cost woodCost ="150" foodCost = "100" goldCost = "0" stoneCost ="0"/>
		</Building>
		<Building>
        <Name value = "BLACKSMITH"/>
        <ID value = "7"/>
		<Position x = "231" y = "0"/>
		<Cost woodCost ="50" foodCost = "0" goldCost = "100" stoneCost ="100"/>
		</Building>
		<Building>
        <Name value = "MILL"/>
        <ID value = "8"/>
		<Position x = "264" y = "0"/>
		<Cost woodCost ="100" foodCost = "0" goldCost = "0" stoneCost ="0"/>
		</Building>
		<Building>
        <Name value = "OUTPOST"/>
       <ID value = "9"/>
		<Position x="66" y ="32"/>
		<Cost woodCost ="25" foodCost = "0" goldCost = "0" stoneCost ="125"/>
		</Building>
		<Building>
        <Name value = "MONASTERY"/>
        <ID value = "10"/>
		<Position x="99" y ="32"/>
		<Cost woodCost ="175" foodCost = "0" goldCost = "100" stoneCost ="0"/>
		</Building>
		<Building>
        <Name value = "CASTLE"/>
        <ID value = "11"/>
		<Position x="132" y ="32"/>
		<Cost woodCost ="0" foodCost = "0" goldCost = "0" stoneCost ="650"/>
		</Building>
		<Building>
        <Name value = "SAURON TOWER"/>
        <ID value = "12"/>
		<Position x = "165" y = "32"/>
		<Cost woodCost ="275" foodCost = "0" goldCost = "0" stoneCost ="100"/>
		</Building>
	<Building>
        <Name value = "ORC_HOUSE"/>
        <ID value = "13"/>
		<Cost woodCost ="50" foodCost = "0" goldCost = "0" stoneCost ="0"/>
		</Building>
    <Building>
        <Name value = "ORC_BARRACKS"/>
        <ID value = "14"/>
		<Cost woodCost ="150" foodCost = "0" goldCost = "0" stoneCost ="0"/>
		</Building>
    <Building>
        <Name value = "ORC_ARCHERY_RANGE"/>
        <ID value = "15"/>
		<Cost woodCost ="175" foodCost = "0" goldCost = "0" stoneCost ="0"/>
		</Building>
   <Building>
        <Name value = "BEAST_PIT"/>
        <ID value = "16"/>
		<Cost woodCost ="0" foodCost = "200" goldCost = "0" stoneCost ="0"/>
		</Building>
   <Building>
        <Name value = "URUK_HAI_PIT"/>
        <ID value = "17"/>
		<Cost woodCost ="200" foodCost = "0" goldCost = "100" stoneCost ="0"/>
		</Building>
   <Building>
        <Name value = "ORC_MARKET"/>
        <ID value = "18"/>
		<Cost woodCost ="100" foodCost = "100" goldCost = "0" stoneCost ="0"/>
		</Building>
   <Building>
        <Name value = "ORC_BLACKSMITH"/>
        <ID value = "19"/>
		<Cost woodCost ="50" foodCost = "0" goldCost = "100" stoneCost ="100"/>
		</Building>
	</Buildings>
	<Resources>
		<Resource>
			<Name value = "BLACK TREE"/>
			<ID value = "0"/>
		</Resource>
		<Resource>
			<Name value = "GREEN TREE"/>
			<ID value = "1"/>
		</Resource>
		<Resource>
			<Name value = "GOLD MINE"/>
			<ID value = "2"/>
		</Resource>
		<Resource>
			<Name value = "BUSH"/>
			<ID value = "3"/>
		</Resource>
		<Resource>
			<Name value = "STONE MINE"/>
			<ID value = "4"/>
		</Resource>
	</Resources>
	<FPTechs>
  <Tech>
	<Name value="Ranged Weapons"/>
	<Desc value="asd"/>
	<ID value ="0"/>
	<Position x="54" y="104"/>
	<Description value = ""/>
	<Cost woodCost ="200" foodCost = "100" goldCost = "0" stoneCost ="0"/>
  </Tech>
<Tech>
	<Name value="Horse Training"/>
	<Desc value="asd"/>
	<ID value ="1"/>
	<Position x="132" y="104"/>
	<Description value = ""/>
	<Cost woodCost ="200" foodCost = "175" goldCost = "0" stoneCost ="0"/>
  </Tech>
<Tech>
	<Name value="Town Militia"/>
	<Desc value="asd"/>
	<ID value ="2"/>
	<Position x="210" y="104"/>
	<Cost foodCost="100" woodCost="100" stoneCost="0" goldCost="50"/>
  </Tech>
  <Tech>
	<Name value="Enhanced Blacksmithing"/>
	<Desc value="asd"/>
	<ID value ="3"/>
	<Position x="288" y="104"/>
	<Cost foodCost="0" woodCost="0" stoneCost="150" goldCost="150"/>
  </Tech>
  <Tech>
	<Name value="Mountain Forge"/>
	<Desc value="asd"/>
	<ID value ="4"/>
	<Position x="54" y="144"/>
	<Cost foodCost="0" woodCost="150" stoneCost="200" goldCost="50"/>
  </Tech>
<Tech>
	<Name value="Dwarven Steel"/>
	<Desc value="asd"/>
	<ID value ="5"/>
	<Position x="132" y="144"/>
	<Cost foodCost="100" woodCost="0" stoneCost="200" goldCost="100"/>
  </Tech>
<Tech>
	<Name value="Dwarven Tactics"/>
	<Desc value="asd"/>
	<ID value ="6"/>
	<Position x="210" y="144"/>
	<Cost foodCost="300" woodCost="0" stoneCost="100" goldCost="0"/>
  </Tech>
<Tech>
	<Name value="Enhanced Training"/>
	<Desc value="asd"/>
	<ID value ="7"/>
	<Position x="288" y="144"/>
	<Cost foodCost="200" woodCost="0" stoneCost="0" goldCost="150"/>
  </Tech>
<Tech>
	<Name value="Elven Tactics"/>
	<Desc value="asd"/>
	<ID value ="8"/>
	<Position x="54" y="184"/>
	<Cost foodCost="0" woodCost="0" stoneCost="0" goldCost="350"/>
  </Tech>
<Tech>
	<Name value="Elven Steel"/>
	<Desc value="asd"/>
	<ID value ="9"/>
	<Position x="132" y="184"/>
	<Cost foodCost="0" woodCost="100" stoneCost="200" goldCost="150"/>
  </Tech>
<Tech>
	<Name value="Library"/>
	<Desc value="asd"/>
	<ID value ="10"/>
	<Position x="210" y="184"/>
	<Cost foodCost="0" woodCost="100" stoneCost="100" goldCost="250"/>
  </Tech>
<Tech>
	<Name value="Enhanced Villagers"/>
	<Desc value="asd"/>
	<ID value ="11"/>
	<Position x="288" y="184"/>
	<Cost foodCost="150" woodCost="0" stoneCost="0" goldCost="150"/>
  </Tech>
<Tech>
	<Name value="Human Warfare"/>
	<Desc value="asd"/>
	<ID value ="12"/>
	<Position x="54" y="224"/>
	<Cost foodCost="200" woodCost="200" stoneCost="0" goldCost="0"/>
  </Tech>
<Tech>
	<Name value="Rohan Knights"/>
	<Desc value="asd"/>
	<ID value ="13"/>
	<Position x="132" y="224"/>
	<Cost foodCost="300" woodCost="0" stoneCost="0" goldCost="200"/>
  </Tech>
<Tech>
	<Name value="Dunedain Outpost"/>
	<Desc value="asd"/>
	<ID value ="14"/>
	<Position x="210" y="224"/>
	<Cost foodCost="0" woodCost="0" stoneCost="300" goldCost="200"/>
  </Tech>
</FPTechs>
<SATechs>
  <Tech>
	<Name value="Orc Mines"/>
	<Desc value="asd"/>
	<ID value ="0"/>
	<Position x="54" y="104"/>
	<Cost foodCost="0" woodCost="100" stoneCost="0" goldCost="0"/>
  </Tech>
<Tech>
	<Name value="Guts commerce"/>
	<Desc value="asd"/>
		<ID value ="1"/>
	<Position x="54" y="104"/>
	<Cost foodCost="0" woodCost="100" stoneCost="0" goldCost="50"/>
  </Tech>
<Tech>
	<Name value="Steel mines"/>
	<Desc value="asd"/>
		<ID value ="2"/>
	<Position x="54" y="104"/>
	<Cost foodCost="0" woodCost="50" stoneCost="10" goldCost="50"/>
  </Tech>
<Tech>
	<Name value="Skirmish Tactics"/>
	<Desc value="asd"/>	
	<ID value ="3"/>
	<Position x="54" y="104"/>
	<Cost foodCost="100" woodCost="200" stoneCost="0" goldCost="0"/>
  </Tech>
<Tech>
	<Name value="Beast Taming"/>
	<Desc value="asd"/>
	<ID value ="4"/>
	<Position x="54" y="104"/>
	<Cost foodCost="300" woodCost="0" stoneCost="0" goldCost="50"/>
  </Tech>
<Tech>
	<Name value="Saruman support"/>
	<Desc value="asd"/>
	<ID value ="5"/>
	<Position x="54" y="104"/>
	<Cost foodCost="100" woodCost="0" stoneCost="0" goldCost="350"/>
  </Tech>
<Tech>
	<Name value="Haradrim Reinforcements"/>
	<Desc value="asd"/>
	<ID value ="6"/>
	<Position x="54" y="104"/>
	<Cost foodCost="100" woodCost="100" stoneCost="0" goldCost="250"/>
  </Tech>
<Tech>
	<Name value="Giant breed"/>
	<Desc value="asd"/>
	<ID value ="7"/>
	<Position x="54" y="104"/>
	<Cost foodCost="450" woodCost="0" stoneCost="0" goldCost="0"/>
  </Tech>
<Tech>
	<Name value="Call to the nine"/>
	<Desc value="asd"/>
	<ID value ="8"/>
	<Position x="54" y="104"/>
	<Cost foodCost="100" woodCost="100" stoneCost="0" goldCost="300"/>
  </Tech>
</SATechs>

</HUDData>