<?xml version="1.0"?>
<ParticleData>
			<particle>
			<Info>
				<Name value= "ARROW"/>
				<ID value = "0"/>
				<Collider w="30" h="18"/>
				<States value = "37"/>
			</Info>
			<Textures>
				<Texture value="textures/Particles/arrow.png"/>
			</Textures>
			<Stats>
				<Lifespan value = "3"/>
			</Stats>
			<Animations>
				<Animation rows = "6" columns = "7"/>
			</Animations>
		</particle>
		<particle>
			<Info>
				<Name value= "BALL"/>
				<ID value = "1"/>
				<Collider w="64" h="64"/>
			</Info>
			<Textures>
				<Texture value="textures/ball.png"/>
			</Textures>
			<Stats>
				<Lifespan value = "3"/>
			</Stats>
			<Animations>
				<Animation rows = "1" columns = "1"/>
			</Animations>
		</particle>
		<particle>
			<Info>
				<Name value= "STAR"/>
				<ID value = "2"/>
				<Collider w="31" h="33"/>
			</Info>
			<Textures>
				<Texture value="textures/star.png"/>
			</Textures>
			<Stats>
				<Lifespan value = "2"/>
			</Stats>
			<Animations>
				<Animation rows = "1" columns = "1"/>
			</Animations>
		</particle>
		<particle>
			<Info>
				<Name value= "FIRE"/>
				<ID value = "3"/>
				<Collider w="64" h="128"/>
			</Info>
			<Textures>
				<Texture value="textures/fire.png"/>
			</Textures>
			<Stats>
				<Lifespan value = "4"/>
			</Stats>
			<Animations>
				<Animation rows = "4" columns = "8"/>
			</Animations>
		</particle>
		<particle>
			<Info>
				<Name value= "SMOKE"/>
				<ID value = "4"/>
				<Collider w="256" h="256"/>
			</Info>
			<Textures>
				<Texture value="textures/smoke.png"/>
			</Textures>
			<Stats>
				<Lifespan value = "4"/>
			</Stats>
			<Animations>
				<Animation rows = "5" columns = "6"/>
			</Animations>
		</particle>
		<particle>
			<Info>
				<Name value= "EXPLOSION"/>
				<ID value = "5"/>
				<Collider w="192" h="192"/>
			</Info>
			<Textures>
				<Texture value="textures/explosion.png"/>
			</Textures>
			<Stats>
				<Lifespan value = "3"/>
			</Stats>
			<Animations>
				<Animation rows = "5" columns = "5"/>
			</Animations>
		</particle>
</ParticleData>