<?xml version="1.0"?>

<file>

  <elements> <!---------------------------------------->

    <type group="map">
      <map preload ="false" name="map" active="true" path="map_1.tmx"/>
    </type>

    <type group="building">
      <building name="town_hall" active="true" type="0" pos_x="-1000" pos_y="2250"/>
    </type>

    <type group="unit">
      <unit name="cavalry" active="true" type="5" pos_x="-500" pos_y="1800"/>
    </type>

    <type group="unit">
      <unit name="elf_villager" active="true" type="18" pos_x="-740" pos_y="2300"/>
    </type>

    <type group="text">
      <text name="info_text" active="true" pos_x="420" pos_y="580" txt="Cavalry: We need to hurry up!"/>
    </type>

    <type group="text">
      <text name="info_text2" active="true" pos_x="420" pos_y="600" txt=""/>
    </type>

  </elements> <!---------------------------------------->


  <scene> <!-------------------------------------------->

    <act element="cavalry" type="move" start="0">
      <move x="-720" y="2250"/>
    </act>  

    <act element="info_text" type="modify" start="3">
      <modify txt="I've seen some enemies located in different"/>
    </act>

    <act element="info_text2" type="modify" start="3">
      <modify txt="parts of these lands during my trip."/>
    </act>

    <act element="info_text" type="modify" start="6">
      <modify txt="Villager, help me to build our own army and"/>
    </act>

    <act element="info_text2" type="modify" start="6">
      <modify txt="kill those enemies."/>
    </act>

    <act element="info_text" type="modify" start="9">
      <modify txt="Start gathering resources, like those"/>
    </act>

    <act element="info_text2" type="modify" start="9">
      <modify txt="trees you have in front."/>
    </act>

    <act element="info_text" type="disable" start="15"/>

    <act element="info_text2" type="disable" start="15"/>

  </scene> <!-------------------------------------------->

</file>