<?xml version="1.0"?>

<file>

  <elements> <!---------------------------------------->

    <type group="map">
      <map preload ="false" name="map" active="true" path="map_1.tmx"/>
    </type>

    <type group="image">
      <image name="town_hall" active="true" path="textures/Buildings/TownHall.png" pos_x="-1000" pos_y="2250" rect_x="0" rect_y="0" rect_w="384" rect_h="346"/>
    </type>

    <type group="unit">
      <unit name="elven1" active="true" type="0" pos_x="-1400" pos_y="2100"/>
      <unit name="elven2" active="true" type="0" pos_x="-800" pos_y="2100"/>
    </type>

    <type group="text">
      <text name="info_text" active="true" pos_x="500" pos_y="580" txt="Captain: Guys, move!"/>
      <text name="info_text2" active="true" pos_x="500" pos_y="600" txt=""/>
    </type>

  </elements> <!---------------------------------------->


  <scene> <!-------------------------------------------->

    <act element="info_text" type="modify" start="3">
      <modify txt="Left unit: Yes sir!"/>
    </act>
    <act element="info_text2" type="modify" start="3">
      <modify txt="Right unit: ..."/>
    </act>
    <act element="elven1" type="move" start="3">
      <move x="-2000" y="2700"/>
    </act>
    <act element="info_text" type="modify" start="6">
      <modify txt="Captain: Why don't you move? "/>
    </act>
    <act element="info_text2" type="disable" start="6"/>
    <act element="info_text2" type="enable" start="8"/>
    <act element="info_text2" type="modify" start="8">
      <modify txt="Right unit: Because I don't have legs, sir!"/>
    </act> 
    <act element="info_text" type="disable" start="15"/>
    <act element="info_text" type="disable" start="15"/>

  </scene> <!-------------------------------------------->

</file>